Workbook

Sheet Controle de Validade
A1: Material | B1: UMB | C1: Texto breve de material | D1: Fornecedor (fórmula) | E1: Origem (fórmula) | F1: Responsável (fórmula) | G1: Familia (fórmula) | H1: Controle de validade | I1: Tempo de Validade | J1: Certificados/Laudos | K1: Input | L1: Flag | M1: Validade2 | N1: Comentario
A2: 212.336 | B2: PC | C2: BASE KIT CIRURG COMP HELIX HEXAGONO EXT | D2: INDUSBELLO INDUSTRIA E COMERCIO DE | E2: Nacional | F2: Rafael | G2: ESTOJOS | H2: Sim | I2: 5 Anos | J2: Val.Indusbello | K2: 1 | L2: ✔️ | M2: =INDEX(Validade!H:H,MATCH('Controle de Validade'!A2,Validade!C:C,0)) -> 47261
A3: 212.328 | B3: PC | C3: FUNDO ESTOJO NGS GM | D3: INDUSBELLO INDUSTRIA E COMERCIO DE | E3: Nacional | F3: Rafael | G3: ESTOJOS | H3: Sim | I3: 5 Anos | J3: Val.Indusbello | K3: 1 | L3: ✔️ | M3: =INDEX(Validade!H:H,MATCH('Controle de Validade'!A3,Validade!C:C,0)) -> 47233
A4: 212.321 | B4: PC | C4: BASE EST.PROTETICO GM | D4: INDUSBELLO INDUSTRIA E COMERCIO DE | E4: Nacional | F4: Rafael | G4: ESTOJOS | H4: Sim | I4: 5 Anos | J4: Val.Indusbello | K4: 1 | L4: ✔️ | M4: =INDEX(Validade!H:H,MATCH('Controle de Validade'!A4,Validade!C:C,0)) -> 47314
A5: 212.320 | B5: PC | C5: BASE EST.CIRURG.NGS GM IMP.CON. | D5: INDUSBELLO INDUSTRIA E COMERCIO DE | E5: Nacional | F5: Rafael | G5: ESTOJOS | H5: Sim | I5: 5 Anos | J5: Val.Indusbello | K5: 1 | L5: ✔️ | M5: =INDEX(Validade!H:H,MATCH('Controle de Validade'!A5,Validade!C:C,0)) -> 47163
A6: 212.275 | B6: PC | C6: BASE ESTOJO PROTETICO | D6: INDUSBELLO INDUSTRIA E COMERCIO DE | E6: Nacional | F6: Rafael | G6: ESTOJOS | H6: Sim | I6: 5 Anos | J6: Val.Indusbello | K6: 1 | L6: ✔️ | M6: =INDEX(Validade!H:H,MATCH('Controle de Validade'!A6,Validade!C:C,0)) -> 47062
A7: 212.192 | B7: PC | C7: O-RING PA11 PARA ATTACHMENT EQUATOR ROSA | D7: RHEIN 83 SRL | E7: Importado | F7: Rafael | G7: COMPONENTE NÃO METÁLICO | H7: Não | I7: NA | J7: NA | K7: 0 | L7: ✔️ | M7: =INDEX(Validade!H:H,MATCH('Controle de Validade'!A7,Validade!C:C,0)) -> 0
A8: 212.179 | B8: PC | C8: SUP.CATRACA/SONDA KIT CIRUR.SILICON.INJ. | D8: ALMEIDA E WERNECK LTDA | E8: Nacional | F8: Alexandra | G8: COMPONENTE NÃO METÁLICO | H8: Sim | I8: 1 Ano | J8: Val.Almeida | K8: 1 | L8: ✔️ | M8: =INDEX(Validade!H:H,MATCH('Controle de Validade'!A8,Validade!C:C,0)) -> 45785
A9: 212.124 | B9: PC | C9: O-RING PA11 PARA ATTACHMENT BOLA ROSA | D9: RHEIN 83 SRL | E9: Importado | F9: Rafael | G9: COMPONENTE NÃO METÁLICO | H9: Não | I9: NA | J9: NA | K9: 0 | L9: ✔️ | M9: =INDEX(Validade!H:H,MATCH('Controle de Validade'!A9,Validade!C:C,0)) -> 0
A10: 212.104 | B10: PC | C10: CURETTE SINIO (#1) LONG ALUMINIUM HANDLE | D10: A TITAN | E10: Importado | F10: Rafael | G10: SEMI ACABADOS | H10: Não | I10: NA | J10: NA | K10: 0 | L10: ✔️ | M10: =INDEX(Validade!H:H,MATCH('Controle de Validade'!A10,Validade!C:C,0)) -> 0
A11: 212.092 | B11: PC | C11: FUNDO EST.PROT./OSTEOT. | D11: INDUSBELLO INDUSTRIA E COMERCIO DE | E11: Nacional | F11: Rafael | G11: ESTOJOS | H11: Sim | I11: 5 Anos | J11: Val.Indusbello | K11: 1 | L11: ✔️ | M11: =INDEX(Validade!H:H,MATCH('Controle de Validade'!A11,Validade!C:C,0)) -> 47077
A12: 212.087 | B12: PC | C12: BASE ESTOJO COMPLEMENTO | D12: INDUSBELLO INDUSTRIA E COMERCIO DE | E12: Nacional | F12: Rafael | G12: ESTOJOS | H12: Sim | I12: 5 Anos | J12: Val.Indusbello | K12: 1 | L12: ✔️ | M12: =INDEX(Validade!H:H,MATCH('Controle de Validade'!A12,Validade!C:C,0)) -> 47141
A13: 212.023 | B13: PC | C13: INJETADO PA440 P/ DISCO DE PROTECAO | D13: RHEIN 83 SRL | E13: Importado | F13: Rafael | G13: COMPONENTE NÃO METÁLICO | H13: Não | I13: NA | J13: NA | K13: 0 | L13: ✔️ | M13: =INDEX(Validade!H:H,MATCH('Controle de Validade'!A13,Validade!C:C,0)) -> 0
... A25: 212.126 | B25: PC | C25: O-RING SILICONE D2.16XD0.88MM VERMELHO | D25: PRESSURE SEALS INC | E25: Importado | F25: Rafael | G25: COMPONENTE NÃO METÁLICO | H25: Não | I25: NA | J25: NA | K25: 0 | L25: ✔️ | M25: =INDEX(Validade!H:H,MATCH('Controle de Validade'!A25,Validade!C:C,0)) -> 0
A26: 212.042 | B26: PC | C26: SUPORTE D4.5 SILICONE INJETADO | D26: PERFITECNICA PERFIS TECNICOS DE BOR | E26: Nacional | F26: Alexandra | G26: COMPONENTE NÃO METÁLICO | H26: Sim | I26: 5 Anos | J26: NA | K26: 1 | L26: ✔️ | M26: =INDEX(Validade!H:H,MATCH('Controle de Validade'!A26,Validade!C:C,0)) -> 62458 | N26: Validade 5ANOS
A27: 702996 | B27: PC | C27: TINTA BERLAPRINT AMARELA PANTONE 136C | D27: BERLAC AG | E27: Importado | F27: Gabriela | G27: TINTAS | H27: Sim | K27: 1 | L27: ✔️ | M27: =INDEX(Validade!H:H,MATCH('Controle de Validade'!A27,Validade!C:C,0)) -> 45777 | N27: Precisa dos lotes de cada item
A28: 215.012 | B28: G | C28: TINTA BERLAPRINT MARROM PANTONE 153C | D28: BERLAC AG | E28: Importado | F28: Gabriela | G28: TINTAS | H28: Sim | K28: 1 | L28: ✔️ | M28: =INDEX(Validade!H:H,MATCH('Controle de Validade'!A28,Validade!C:C,0)) -> 45777 | N28: Precisa dos lotes de cada item
A29: 517.005 | B29: PC | C29: ESCOVA EM REGUA DE PP E CERDAS DE NYLON | D29: FABRICA DE ESCOVAS TATUAPE LTDA | E29: Nacional | F29: Rafael | G29: INDIRETO | H29: Não | I29: NA | J29: NA | K29: 1 | L29: ✔️ | M29: =INDEX(Validade!H:H,MATCH('Controle de Validade'!A29,Validade!C:C,0)) -> #N/A | N29: Tmp.valid.restante 1
A30: 512.021 | B30: PC | C30: BICO CERAMICA GUYSON (TRATAM SUPERFICIE) | D30: GUYSON CORPORATION OF USA | E30: Importado | F30: Rafael | G30: INDIRETO | H30: Não | I30: NA | J30: NA | K30: 1 | L30: ✔️ | M30: =INDEX(Validade!H:H,MATCH('Controle de Validade'!A30,Validade!C:C,0)) -> #N/A | N30: Tmp.valid.restante 1
A31: 510.065 | B31: PC | C31: LAMPADA XENOPHOT 64634 HLX EFR 15V 150W | D31: AVATAR MARQUES ZAHDI 07321493989 | E31: Nacional | F31: Rafael | G31: INDIRETO | H31: Não | I31: NA | J31: NA | K31: 1 | L31: ✔️ | M31: =INDEX(Validade!H:H,MATCH('Controle de Validade'!A31,Validade!C:C,0)) -> #N/A | N31: Tmp.valid.restante 1
A32: 504.042 | B32: PC | C32: SAPATILHAS DE PROTECAO | D32: VICTORIA REGIA COMERCIO DE | E32: Nacional | F32: Alexandra | G32: EPI | H32: Sim | I32: 3 Anos | J32: Val.Victoria | K32: 1 | L32: ✔️ | M32: =INDEX(Validade!H:H,MATCH('Controle de Validade'!A32,Validade!C:C,0)) -> 46507 | N32: Tmp.valid.restante 1
A33: 504.032 | B33: PC | C33: MASCARA CIRURGICA DESCARTAVEL | D33: VICTORIA REGIA COMERCIO DE | E33: Nacional | F33: Alexandra | G33: EPI | H33: Sim | I33: 2 Anos | J33: Val.Victoria | K33: 1 | L33: ✔️ | M33: =INDEX(Validade!H:H,MATCH('Controle de Validade'!A33,Validade!C:C,0)) -> 47394
A34: 312.150 | B34: PC | C34: UNIDADE LOGISTICA MASTER C.N. | D34: CARTOSUL FABRICAÇÃO DE ARTEFATOS | E34: Nacional | F34: Rafael | G34: CAIXAS | H34: Não | I34: NA | J34: NA | K34: 0 | L34: ✖️ | M34: =INDEX(Validade!H:H,MATCH('Controle de Validade'!A34,Validade!C:C,0)) -> #N/A
A35: 312.145 | B35: PC | C35: EMBALAGEM TRANSPORTE NIVEL I 439X393X176 | D35: CARTOSUL FABRICAÇÃO DE ARTEFATOS | E35: Nacional | F35: Rafael | G35: CAIXAS | H35: Não | I35: NA | J35: NA | K35: 0 | L35: ✖️ | M35: =INDEX(Validade!H:H,MATCH('Controle de Validade'!A35,Validade!C:C,0)) -> #N/A
A36: 312.043 | B36: PC | C36: SACO ZIPER- GG - 30 ALT x 40 LAR C/ 100 | D36: MERCADO COMERCIO DE EMBALAGENS LTDA | E36: Nacional | F36: Alexandra | G36: SACO PLÁSTICO | H36: Não | I36: NA | J36: NA | K36: 0 | L36: ✖️ | M36: =INDEX(Validade!H:H,MATCH('Controle de Validade'!A36,Validade!C:C,0)) -> #N/A
A37: 204.101 | B37: KG | C37: TENOPOM B3MF TER-INJ(POLI.)POM(PETROPOL) | D37: PETROPOL INDUSTRIA E COMERCIO DE | E37: Nacional | F37: Alexandra | G37: POLÍMEROS INJETADOS | H37: Não | I37: NA | J37: NA | K37: 1 | L37: ✔️ | M37: =INDEX(Validade!H:H,MATCH('Controle de Validade'!A37,Validade!C:C,0)) -> 49188
A38: 803.024 | B38: PC | C38: PAPEL WIPER 23X23 | D38: CONCORDE LOGISTICA & DISTRIBUI | E38: Nacional | F38: Alexandra | G38: LIMPEZA | H38: Não | I38: NA | J38: NA | K38: 0 | L38: ✖️ | M38: =INDEX(Validade!H:H,MATCH('Controle de Validade'!A38,Validade!C:C,0)) -> #N/A
A39: 335.444 | B39: PC | C39: ETIQUETA ENCINTADORA | D39: IMPRIME INDUSTRIA E COMERCIO DE | E39: Nacional | F39: Alexandra | G39: ETIQUETAS | H39: Sim | I39: 1 Ano | J39: Val.Imprime | K39: 1 | L39: ✔️ | M39: =INDEX(Validade!H:H,MATCH('Controle de Validade'!A39,Validade!C:C,0)) -> 45899
A40: 312.089 | B40: PC | C40: CAIXA PAPELAO 60x40x40 PAR FOLHA DUP EST | D40: CARTOSUL FABRICAÇÃO DE ARTEFATOS | E40: Nacional | F40: Rafael | G40: CAIXAS | H40: Não | I40: NA | J40: NA | K40: 0 | L40: ✖️ | M40: =INDEX(Validade!H:H,MATCH('Controle de Validade'!A40,Validade!C:C,0)) -> #N/A
A41: 204.214 | B41: KG | C41: LT1220P01 PC-POLICARBONATO TERMO-INJ. | D41: APTA INDUSTRIA E COMERCIO DE | E41: Nacional | F41: Alexandra | G41: POLÍMEROS INJETADOS | H41: Não | I41: NA | J41: NA | K41: 0 | L41: ✔️ | M41: =INDEX(Validade!H:H,MATCH('Controle de Validade'!A41,Validade!C:C,0)) -> 62458
A42: 204.143 | B42: MM | C42: PEEK POLI-ETER-ETER-CETONA D6MM NATURAL | D42: ENSINGER INDUSTRIA DE PLASTICOS | E42: Nacional | F42: Rafael | G42: POLÍMEROS USINADOS | H42: Não | I42: NA | J42: NA | K42: 0 | L42: ✔️ | M42: =INDEX(Validade!H:H,MATCH('Controle de Validade'!A42,Validade!C:C,0)) -> 62458
A43: 703975 | B43: KG | C43: OXIDO DE ALUMINIO ALR 120 ANSI | D43: ELFUSA GERAL DE ELETROFUSAO LTDA. | E43: Nacional | F43: Rafael | G43: INDIRETO | H43: Não | I43: NA | J43: NA | K43: 0 | L43: ✔️ | M43: =INDEX(Validade!H:H,MATCH('Controle de Validade'!A43,Validade!C:C,0)) -> 62458
A44: 702997 | B44: PC | C44: TINTA BERLAPRINT CORAL PANTONE 7416C | D44: BERLAC AG | E44: Importado | F44: Gabriela | G44: TINTAS | H44: Sim | K44: 1 | L44: ✔️ | M44: =INDEX(Validade!H:H,MATCH('Controle de Validade'!A44,Validade!C:C,0)) -> 45716 | N44: Precisa dos lotes de cada item
A45: 702934 | B45: PC | C45: ACO RAPIDO M2 3,17X32,00MM | D45: DIAMANPAR INDUSTRIA E COMERCIO DE | E45: Nacional | F45: Gabriela | G45: AÇO NACIONAL | H45: Não | I45: NA | J45: NA | K45: 0 | L45: ✔️ | M45: =INDEX(Validade!H:H,MATCH('Controle de Validade'!A45,Validade!C:C,0)) -> 62458
A46: 302.055 | B46: PC | C46: EMB. CART. IMPLANTE TITAMAX TI EX | D46: KEOPS INDUSTRIA GRAFICA S.A. | E46: Nacional | F46: Rafael | G46: PHASE OUT | H46: Não | I46: NA | J46: NA | K46: 0 | L46: ✔️ | M46: =INDEX(Validade!H:H,MATCH('Controle de Validade'!A46,Validade!C:C,0)) -> 62458
A47: 120.075 | B47: PC | C47: MAXILA PARA HANDS ON CIRURGIA GUIADA | D47: ORBITAL BONE | E47: Nacional | F47: Gabriela | G47: CURSOS / MKT | H47: Não | I47: NA | J47: NA | K47: 1 | L47: ✔️ | M47: =INDEX(Validade!H:H,MATCH('Controle de Validade'!A47,Validade!C:C,0)) -> 62458 | N47: Tmp.valid.restante 1
A48: 120.081 | B48: PC | C48: MODULO FLUXO PROTETICO GM | D48: QUALIFILME EMBALAGENS LTDA | E48: Nacional | F48: Gabriela | G48: CURSOS / MKT | H48: Não | I48: NA | J48: NA | K48: 0 | L48: ✔️ | M48: =INDEX(Validade!H:H,MATCH('Controle de Validade'!A48,Validade!C:C,0)) -> 62458
A49: 120.084 | B49: PC | C49: ZI BLOCO OSSEO DE 2 DENSIDADES | D49: FRANCESCHI & COSTA E SILVA LTDA | E49: Nacional | F49: Gabriela | G49: CURSOS / MKT | H49: Não | I49: NA | J49: NA | K49: 0 | L49: ✔️ | M49: =INDEX(Validade!H:H,MATCH('Controle de Validade'!A49,Validade!C:C,0)) -> 0
A50: 131.330 | B50: PC | C50: Demo Maxila Parcial. Desd-Neoarch, Poly | D50: FRANCESCHI & COSTA E SILVA LTDA | E50: Nacional | F50: Gabriela | G50: CURSOS / MKT | H50: Não | I50: NA | J50: NA | K50: 1 | L50: ✔️ | M50: =INDEX(Validade!H:H,MATCH('Controle de Validade'!A50,Validade!C:C,0)) -> 62458 | N50: Tmp.valid.restante 1
A51: 317324 | B51: PC | C51: CPO CONEXAO AS PARA CONTRA ANGULO | D51: Institut Straumann SA | E51: Internacional | F51: Rafael | G51: SEMI ACABADOS | H51: Não | I51: NA | J51: NA | K51: 0 | L51: ✔️ | M51: =INDEX(Validade!H:H,MATCH('Controle de Validade'!A51,Validade!C:C,0)) -> 0
A52: 703006 | B52: MM | C52: Ti 9.9367 TAN Ø4.00 h6 TLV 206 | D52: ZAPP PRECISION METALS GMBH MEDICAL | E52: Importado | F52: Gabriela | G52: TITÂNIO | H52: Não | I52: NA | J52: NA | K52: 0 | L52: ✔️ | M52: =INDEX(Validade!H:H,MATCH('Controle de Validade'!A52,Validade!C:C,0)) -> 0
A53: 801.034 | B53: PC | C53: ENVELOPE MALOTE INTERNO | D53: #N/A | E53: Nacional | F53: Rafael | G53: PHASE OUT | H53: Não | I53: NA | J53: NA | K53: 0 | L53: ✖️ | M53: =INDEX(Validade!H:H,MATCH('Controle de Validade'!A53,Validade!C:C,0)) -> #N/A
A54: 704057 | B54: PC | C54: BOX KIT DEMONSTRACAO PORTFOLIO EF | D54: QUALIFILME EMBALAGENS LTDA | E54: Nacional | F54: Gabriela | G54: PHASE OUT | H54: Não | I54: NA | J54: NA | K54: 0 | L54: ✔️ | M54: =INDEX(Validade!H:H,MATCH('Controle de Validade'!A54,Validade!C:C,0)) -> #N/A
A55: 704111 | B55: PC | C55: MALETA KIT DEMONSTRACAO ZI | D55: LUCIMARA BELNIOWSKI BURKOTH | E55: Nacional | F55: Gabriela | G55: CURSOS / MKT | H55: Não | I55: NA | J55: NA | K55: 0 | L55: ✔️ | M55: =INDEX(Validade!H:H,MATCH('Controle de Validade'!A55,Validade!C:C,0)) -> 0
A56: 704110 | B56: PC | C56: PPSU-POLIFENILSULFONA 2.41X200X67 FUME | D56: ENSINGER INDUSTRIA DE PLASTICOS | E56: Nacional | F56: Rafael | G56: POLÍMEROS USINADOS | H56: Não | I56: NA | J56: NA | K56: 0 | L56: ✔️ | M56: =INDEX(Validade!H:H,MATCH('Controle de Validade'!A56,Validade!C:C,0)) -> 62458
A57: 704109 | B57: PC | C57: PPSU-POLIFENILSULFONA 2.41X200X55 FUME | D57: ENSINGER INDUSTRIA DE PLASTICOS | E57: Nacional | F57: Rafael | G57: POLÍMEROS USINADOS | H57: Não | I57: NA | J57: NA | K57: 0 | L57: ✔️ | M57: =INDEX(Validade!H:H,MATCH('Controle de Validade'!A57,Validade!C:C,0)) -> 0
A58: 704058 | B58: PC | C58: ETIQUETA VERMELHA 80X48MM | D58: IMPRIME INDUSTRIA E COMERCIO DE | E58: Nacional | F58: Alexandra | G58: ETIQUETAS | H58: Sim | I58: 1 Ano | J58: Val.Imprime | K58: 1 | L58: ✔️ | M58: =INDEX(Validade!H:H,MATCH('Controle de Validade'!A58,Validade!C:C,0)) -> 45953
A59: 208.282 | B59: PC | C59: ACO RAPIDO M2 D2.60X27MM | D59: DIAMANPAR INDUSTRIA E COMERCIO DE | E59: Nacional | F59: Gabriela | G59: AÇO NACIONAL | H59: Não | I59: NA | J59: NA | K59: 0 | L59: ✔️ | M59: =INDEX(Validade!H:H,MATCH('Controle de Validade'!A59,Validade!C:C,0)) -> 0
A60: 204.261 | B60: PC | C60: PP-POLIPROPILENO 25X115X185MM | D60: EM DESENVOLVIMENTO | E60: 0 | F60: Rafael | G60: POLÍMEROS USINADOS | H60: Não | I60: NA | J60: NA | K60: 0 | L60: ✔️ | M60: =INDEX(Validade!H:H,MATCH('Controle de Validade'!A60,Validade!C:C,0)) -> #N/A
A61: 204.052 | B61: MM | C61: PP-POLIPROPILENO ADITI.31.8X1016MMBRANCO | D61: PAG COMERCIO E REPRESENTACOES DE | E61: Nacional | F61: Gabriela | G61: POLÍMEROS USINADOS | H61: Não | I61: NA | J61: NA | K61: 0 | L61: ✔️ | M61: =INDEX(Validade!H:H,MATCH('Controle de Validade'!A61,Validade!C:C,0)) -> #N/A
A62: 522.023 | B62: PC | C62: ARRUELA LISA POLIDA / ACO ZINCADO 12MM | D62: FERRAMENTAS GERAIS COM E IMPORTACAO | E62: Nacional | F62: Alexandra | G62: SPARE PARTS | H62: Não | I62: NA | J62: NA | K62: 0 | L62: ✖️ | M62: =INDEX(Validade!H:H,MATCH('Controle de Validade'!A62,Validade!C:C,0)) -> #N/A
A63: 522.008 | B63: PC | C63: ARRUELA LISA M4 | D63: FERRAMENTAS GERAIS COM E IMPORTACAO | E63: Nacional | F63: Alexandra | G63: SPARE PARTS | H63: Não | I63: NA | J63: NA | K63: 0 | L63: ✔️ | M63: =INDEX(Validade!H:H,MATCH('Controle de Validade'!A63,Validade!C:C,0)) -> #N/A
A64: 522.007 | B64: PC | C64: ARRUELA LISA 03 INOX | D64: FERRAMENTAS GERAIS COM E IMPORTACAO | E64: Nacional | F64: Alexandra | G64: SPARE PARTS | H64: Não | I64: NA | J64: NA | K64: 0 | L64: ✖️ | M64: =INDEX(Validade!H:H,MATCH('Controle de Validade'!A64,Validade!C:C,0)) -> #N/A
A65: 521.259 | B65: PC | C65: PORCA SEXTAVADA M4 | D65: FERRAMENTAS GERAIS COM E IMPORTACAO | E65: Nacional | F65: Alexandra | G65: SPARE PARTS | H65: Não | I65: NA | J65: NA | K65: 0 | L65: ✔️ | M65: =INDEX(Validade!H:H,MATCH('Controle de Validade'!A65,Validade!C:C,0)) -> #N/A
A66: 521.251 | B66: PC | C66: PF A.ATAR CB CHATA PHILIPS D3.5X9.5 I304 | D66: FERRAMENTAS GERAIS COM E IMPORTACAO | E66: Nacional | F66: Alexandra | G66: SPARE PARTS | H66: Não | I66: NA | J66: NA | K66: 0 | L66: ✖️ | M66: =INDEX(Validade!H:H,MATCH('Controle de Validade'!A66,Validade!C:C,0)) -> #N/A
A67: 521.250 | B67: PC | C67: PF A.ATAR CB CHATA PHILIPS D4.8X19 IN304 | D67: FERRAMENTAS GERAIS COM E IMPORTACAO | E67: Nacional | F67: Alexandra | G67: SPARE PARTS | H67: Não | I67: NA | J67: NA | K67: 0 | L67: ✖️ | M67: =INDEX(Validade!H:H,MATCH('Controle de Validade'!A67,Validade!C:C,0)) -> #N/A
A68: 521.203 | B68: PC | C68: PARAFUSO ALLEN C/ CAB CHATA INOX M3X20 | D68: FERRAMENTAS GERAIS COM E IMPORTACAO | E68: Nacional | F68: Alexandra | G68: SPARE PARTS | H68: Não | I68: NA | J68: NA | K68: 0 | L68: ✖️ | M68: =INDEX(Validade!H:H,MATCH('Controle de Validade'!A68,Validade!C:C,0)) -> #N/A
A69: 521.193 | B69: PC | C69: PARAFUSO ALLEN S\ CAB M4X4 | D69: FERRAMENTAS GERAIS COM E IMPORTACAO | E69: Nacional | F69: Alexandra | G69: SPARE PARTS | H69: Não | I69: NA | J69: NA | K69: 0 | L69: ✖️ | M69: =INDEX(Validade!H:H,MATCH('Controle de Validade'!A69,Validade!C:C,0)) -> #N/A
A70: 521.130 | B70: PC | C70: PORCA SEXTAVADA M3,00 | D70: FERRAMENTAS GERAIS COM E IMPORTACAO | E70: Nacional | F70: Alexandra | G70: SPARE PARTS | H70: Não | I70: NA | J70: NA | K70: 0 | L70: ✖️ | M70: =INDEX(Validade!H:H,MATCH('Controle de Validade'!A70,Validade!C:C,0)) -> #N/A
A71: 521.107 | B71: PC | C71: PARAFUSO ALLEN C/ CAB CHATA M3X10 | D71: FERRAMENTAS GERAIS COM E IMPORTACAO | E71: Nacional | F71: Alexandra | G71: SPARE PARTS | H71: Não | I71: NA | J71: NA | K71: 0 | L71: ✖️ | M71: =INDEX(Validade!H:H,MATCH('Controle de Validade'!A71,Validade!C:C,0)) -> #N/A
A72: 521.018 | B72: PC | C72: PARAFUSO ALLEN C/ CAB CIL M5X30 | D72: FERRAMENTAS GERAIS COM E IMPORTACAO | E72: Nacional | F72: Alexandra | G72: SPARE PARTS | H72: Não | I72: NA | J72: NA | K72: 0 | L72: ✖️ | M72: =INDEX(Validade!H:H,MATCH('Controle de Validade'!A72,Validade!C:C,0)) -> #N/A
A73: 521.009 | B73: PC | C73: PARAFUSO ALLEN INOX C/ CAB CIL M4X6 | D73: FERRAMENTAS GERAIS COM E IMPORTACAO | E73: Nacional | F73: Alexandra | G73: SPARE PARTS | H73: Não | I73: NA | J73: NA | K73: 0 | L73: ✖️ | M73: =INDEX(Validade!H:H,MATCH('Controle de Validade'!A73,Validade!C:C,0)) -> #N/A
A74: 210.035 | B74: PC | C74: METAL DURO D8.0X40MM | D74: TASK | E74: 0 | F74: Rafael | G74: PHASE OUT | H74: Não | I74: NA | J74: NA | K74: 0 | L74: ✔️ | M74: =INDEX(Validade!H:H,MATCH('Controle de Validade'!A74,Validade!C:C,0)) -> #N/A
A75: 201.102 | B75: MM | C75: TITANIO 4TITUDE D4.00MM | D75: DYNAMET INC | E75: Importado | F75: Gabriela | G75: TITÂNIO | H75: Não | I75: NA | J75: NA | K75: 0 | L75: ✔️ | M75: =INDEX(Validade!H:H,MATCH('Controle de Validade'!A75,Validade!C:C,0)) -> #N/A
A76: 522.025 | B76: PC | C76: ARRUELA DE PRESSAO INOX M5 | D76: FERRAMENTAS GERAIS COM E IMPORTACAO | E76: Nacional | F76: Alexandra | G76: SPARE PARTS | H76: Não | I76: NA | J76: NA | K76: 0 | L76: ✖️ | M76: =INDEX(Validade!H:H,MATCH('Controle de Validade'!A76,Validade!C:C,0)) -> #N/A
A77: 522.024 | B77: PC | C77: ARRUELA DE PRESSAO INOX M3 | D77: FERRAMENTAS GERAIS COM E IMPORTACAO | E77: Nacional | F77: Alexandra | G77: SPARE PARTS | H77: Não | I77: NA | J77: NA | K77: 0 | L77: ✖️ | M77: =INDEX(Validade!H:H,MATCH('Controle de Validade'!A77,Validade!C:C,0)) -> #N/A
A78: 521.252 | B78: PC | C78: PORCA BORBOLETA INOX 304 | D78: FERRAMENTAS GERAIS COM E IMPORTACAO | E78: Nacional | F78: Alexandra | G78: SPARE PARTS | H78: Não | I78: NA | J78: NA | K78: 0 | L78: ✖️ | M78: =INDEX(Validade!H:H,MATCH('Controle de Validade'!A78,Validade!C:C,0)) -> #N/A
A79: 521.246 | B79: PC | C79: PARAF CAB PAN PHILIPS M3X8 DIN 7985 INOX | D79: FERRAMENTAS GERAIS COM E IMPORTACAO | E79: Nacional | F79: Alexandra | G79: SPARE PARTS | H79: Não | I79: NA | J79: NA | K79: 0 | L79: ✖️ | M79: =INDEX(Validade!H:H,MATCH('Controle de Validade'!A79,Validade!C:C,0)) -> #N/A
A80: 521.134 | B80: PC | C80: PORCA SEXTAVADA M6,00 | D80: FERRAMENTAS GERAIS COM E IMPORTACAO | E80: Nacional | F80: Alexandra | G80: SPARE PARTS | H80: Não | I80: NA | J80: NA | K80: 0 | L80: ✖️ | M80: =INDEX(Validade!H:H,MATCH('Controle de Validade'!A80,Validade!C:C,0)) -> #N/A
A81: 521.033 | B81: PC | C81: PARAFUSO ALLEN C/ CAB CIL M10X25 INOX | D81: FERRAMENTAS GERAIS COM E IMPORTACAO | E81: Nacional | F81: Alexandra | G81: SPARE PARTS | H81: Não | I81: NA | J81: NA | K81: 0 | L81: ✖️ | M81: =INDEX(Validade!H:H,MATCH('Controle de Validade'!A81,Validade!C:C,0)) -> #N/A
A82: 202.054 | B82: PC | C82: ACO INOX 304 D101.60X45MM | D82: SIDERACO DISTRIBUIDORA DE ACOS LTDA | E82: Nacional | F82: Gabriela | G82: AÇO NACIONAL | H82: Não | I82: NA | J82: NA | K82: 0 | L82: ✔️ | M82: =INDEX(Validade!H:H,MATCH('Controle de Validade'!A82,Validade!C:C,0)) -> #N/A
A83: 202.326 | B83: MM | C83: ACO INOX M340 D25.40MM | D83: SIDERACO DISTRIBUIDORA DE ACOS LTDA | E83: Nacional | F83: Gabriela | G83: AÇO NACIONAL | H83: Não | I83: NA | J83: NA | K83: 0 | L83: ✔️ | M83: =INDEX(Validade!H:H,MATCH('Controle de Validade'!A83,Validade!C:C,0)) -> #N/A
A84: 204.169 | B84: KG | C84: PIGM.MASTERBATCH VERMELHO TRANSP.PC | D84: COLORFIX ITAMASTER INDUSTRIA DE | E84: Nacional | F84: Alexandra | G84: POLÍMEROS INJETADOS | H84: Sim | I84: 2 Anos | J84: Val.Colorfix | K84: 1 | L84: ✔️ | M84: =INDEX(Validade!H:H,MATCH('Controle de Validade'!A84,Validade!C:C,0)) -> 46125
A85: 204.168 | B85: KG | C85: PIGM.MASTERBATCH FUME TRANSPARENTE PC | D85: COLORFIX ITAMASTER INDUSTRIA DE | E85: Nacional | F85: Alexandra | G85: POLÍMEROS INJETADOS | H85: Sim | I85: 2 Anos | J85: Val.Colorfix | K85: 1 | L85: ✔️ | M85: =INDEX(Validade!H:H,MATCH('Controle de Validade'!A85,Validade!C:C,0)) -> 46109
A86: 204.165 | B86: KG | C86: PIGM.MASTERBATCH AMARELO TRANSP.PC | D86: COLORFIX ITAMASTER INDUSTRIA DE | E86: Nacional | F86: Alexandra | G86: POLÍMEROS INJETADOS | H86: Sim | I86: 2 Anos | J86: Val.Colorfix | K86: 1 | L86: ✔️ | M86: =INDEX(Validade!H:H,MATCH('Controle de Validade'!A86,Validade!C:C,0)) -> 46125
... A90: 521.197 | B90: PC | C90: PORCA SEXTAVADA MA 4.00MM INOX 304 | D90: FERRAMENTAS GERAIS COM E IMPORTACAO | E90: Nacional | F90: Alexandra | G90: SPARE PARTS | H90: Não | I90: NA | J90: NA | K90: 0 | L90: ✖️ | M90: =INDEX(Validade!H:H,MATCH('Controle de Validade'!A90,Validade!C:C,0)) -> #N/A
A91: 210.036 | B91: MM | C91: METAL DURO D6.0MM | D91: TASK | E91: 0 | F91: Rafael | G91: PHASE OUT | H91: Não | I91: NA | J91: NA | K91: 0 | L91: ✔️ | M91: =INDEX(Validade!H:H,MATCH('Controle de Validade'!A91,Validade!C:C,0)) -> 62458
A92: 212.295 | B92: PC | C92: BASE EST.KIT CIR.NGS START | D92: INDUSBELLO INDUSTRIA E COMERCIO DE | E92: Nacional | F92: Rafael | G92: ESTOJOS | H92: Sim | I92: 5 Anos | J92: Val.Indusbello | K92: 1 | L92: ✔️ | M92: =INDEX(Validade!H:H,MATCH('Controle de Validade'!A92,Validade!C:C,0)) -> 45732
A93: 205.020 | B93: MM | C93: ALUMINIO AA6351-T6 D22.22MM | D93: SIDERACO DISTRIBUIDORA DE ACOS LTDA | E93: Nacional | F93: Gabriela | G93: AÇO NACIONAL | H93: Não | I93: NA | J93: NA | K93: 0 | L93: ✔️ | M93: =INDEX(Validade!H:H,MATCH('Controle de Validade'!A93,Validade!C:C,0)) -> #N/A
A94: 212.297 | B94: PC | C94: BASE EST.KITCIR.NGSIMP.CON. | D94: INDUSBELLO INDUSTRIA E COMERCIO DE | E94: Nacional | F94: Rafael | G94: ESTOJOS | H94: Sim | I94: 5 Anos | J94: Val.Indusbello | K94: 1 | L94: ✔️ | M94: =INDEX(Validade!H:H,MATCH('Controle de Validade'!A94,Validade!C:C,0)) -> 46789
A95: 212.112 | B95: PC | C95: MOLA ACO INOX 304 D0.80XD.INT.8.9X8.8MM | D95: MOLTEC MOLAS DE PRECISAO LTDA | E95: Nacional | F95: Rafael | G95: COMPONENTE METÁLICO | H95: Não | I95: NA | J95: NA | K95: 0 | L95: ✔️ | M95: =INDEX(Validade!H:H,MATCH('Controle de Validade'!A95,Validade!C:C,0)) -> 0
A96: 204.166 | B96: KG | C96: PIGM.MASTERBATCH ROXO TRANSPARENTE PC | D96: COLORFIX ITAMASTER INDUSTRIA DE | E96: Nacional | F96: Alexandra | G96: POLÍMEROS INJETADOS | H96: Sim | I96: 2 Anos | J96: Val.Colorfix | K96: 1 | L96: ✔️ | M96: =INDEX(Validade!H:H,MATCH('Controle de Validade'!A96,Validade!C:C,0)) -> 46109
A97: 204.164 | B97: KG | C97: PIGM.MASTERBATCH VERDE PC | D97: COLORFIX ITAMASTER INDUSTRIA DE | E97: Nacional | F97: Alexandra | G97: POLÍMEROS INJETADOS | H97: Sim | I97: 2 Anos | J97: Val.Colorfix | K97: 1 | L97: ✔️ | M97: =INDEX(Validade!H:H,MATCH('Controle de Validade'!A97,Validade!C:C,0)) -> 46101
A98: 318234 | B98: PC | C98: CORPO MACRO ANEL METALICO IF SP | D98: ISABELLA TOFANELLI FERREIRA | E98: Nacional | F98: Gabriela | G98: COMPONENTE METÁLICO | H98: Não | I98: NA | J98: NA | K98: 0 | L98: ✔️ | M98: =INDEX(Validade!H:H,MATCH('Controle de Validade'!A98,Validade!C:C,0)) -> 0
A99: 204.129 | B99: MM | C99: POLI.POM-POLIOXIMETILENO D15.8MM LILAS | D99: NITAPLAST IND E COM DE PLASTICOS | E99: Nacional | F99: Rafael | G99: POLÍMEROS USINADOS | H99: Não | I99: NA | J99: NA | K99: 0 | L99: ✔️ | M99: =INDEX(Validade!H:H,MATCH('Controle de Validade'!A99,Validade!C:C,0)) -> 62458
A100: 704102 | B100: PC | C100: MICRO ESFERA DE VIDRO CLASSE AD | D100: TASK | E100: 0 | F100: Rafael | G100: PHASE OUT | H100: Não | I100: NA | J100: NA | K100: 0 | L100: ✔️ | M100: =INDEX(Validade!H:H,MATCH('Controle de Validade'!A100,Validade!C:C,0)) -> #N/A
A101: 704035 | B101: PC | C101: ROT.EMB.CART. 200X250X100 NEODENT PROMO | D101: KEOPS INDUSTRIA GRAFICA S.A. | E101: Nacional | F101: Rafael | G101: CARTONADAS | H101: Não | I101: NA | J101: NA | K101: 0 | L101: ✔️ | M101: =INDEX(Validade!H:H,MATCH('Controle de Validade'!A101,Validade!C:C,0)) -> #N/A
A102: 703280 | B102: PC | C102: ETIQUETA MADE IN BRAZIL | D102: IMPRIME INDUSTRIA E COMERCIO DE | E102: Nacional | F102: Alexandra | G102: ETIQUETAS | H102: Sim | I102: 1 Ano | J102: Val.Imprime | K102: 1 | L102: ✔️ | M102: =INDEX(Validade!H:H,MATCH('Controle de Validade'!A102,Validade!C:C,0)) -> #N/A
A103: 301.080 | B103: PC | C103: EMB PRIM CONJ EMBAL COMP OURO TAMPA/BASE | D103: TRNS COMERCIO DE EMBALAGENS LTDA | E103: Nacional | F103: Gabriela | G103: EM DESENVOLVIMENTO | H103: Sim | I103: 1 Ano | J103: NA | K103: 1 | L103: ✔️ | M103: =INDEX(Validade!H:H,MATCH('Controle de Validade'!A103,Validade!C:C,0)) -> #N/A | N103: Validade 1ANO
A104: 703846 | B104: PC | C104: ETIQUETA PESQUISA EM ANIMAIS | D104: IMPRIME INDUSTRIA E COMERCIO DE | E104: Nacional | F104: Alexandra | G104: ETIQUETAS | H104: Sim | I104: 1 Ano | J104: Val.Imprime | K104: 1 | L104: ✔️ | M104: =INDEX(Validade!H:H,MATCH('Controle de Validade'!A104,Validade!C:C,0)) -> #N/A
A105: 703845 | B105: PC | C105: ETIQUETA PESQUISA EM HUMANOS | D105: IMPRIME INDUSTRIA E COMERCIO DE | E105: Nacional | F105: Alexandra | G105: ETIQUETAS | H105: Sim | I105: 1 Ano | J105: Val.Imprime | K105: 1 | L105: ✔️ | M105: =INDEX(Validade!H:H,MATCH('Controle de Validade'!A105,Validade!C:C,0)) -> #N/A
A106: 703841 | B106: PC | C106: ETIQUETA EXCLUSIVELY FOR CLINICAL INV. | D106: IMPRIME INDUSTRIA E COMERCIO DE | E106: Nacional | F106: Alexandra | G106: ETIQUETAS | H106: Sim | I106: 1 Ano | J106: Val.Imprime | K106: 1 | L106: ✔️ | M106: =INDEX(Validade!H:H,MATCH('Controle de Validade'!A106,Validade!C:C,0)) -> #N/A
A107: 703328 | B107: PC | C107: BASE PARA KIT CIRURGICO EF | D107: INDUSBELLO INDUSTRIA E COMERCIO DE | E107: Nacional | F107: Rafael | G107: ESTOJOS | H107: Sim | I107: 5 Anos | J107: Val.Indusbello | K107: 1 | L107: ✔️ | M107: =INDEX(Validade!H:H,MATCH('Controle de Validade'!A107,Validade!C:C,0)) -> 47329
A108: 703327 | B108: PC | C108: BASE PARA KIT CIRURGICO IF | D108: INDUSBELLO INDUSTRIA E COMERCIO DE | E108: Nacional | F108: Rafael | G108: ESTOJOS | H108: Sim | I108: 5 Anos | J108: Val.Indusbello | K108: 1 | L108: ✔️ | M108: =INDEX(Validade!H:H,MATCH('Controle de Validade'!A108,Validade!C:C,0)) -> 46995
A109: 212.354 | B109: PC | C109: BASE ESTOJO KIT CIR COMP IMP ZI 4.3/5.0 | D109: INDUSBELLO INDUSTRIA E COMERCIO DE | E109: Nacional | F109: Rafael | G109: ESTOJOS | H109: Sim | I109: 5 Anos | J109: Val.Indusbello | K109: 1 | L109: ✔️ | M109: =INDEX(Validade!H:H,MATCH('Controle de Validade'!A109,Validade!C:C,0)) -> #N/A
A110: 212.322 | B110: PC | C110: BASE ESTOJO PROTETICO GM CC PSU POLISULF | D110: INDUSBELLO INDUSTRIA E COMERCIO DE | E110: Nacional | F110: Rafael | G110: EM DESENVOLVIMENTO | H110: Sim | I110: 5 Anos | J110: Val.Indusbello | K110: 1 | L110: ✔️ | M110: =INDEX(Validade!H:H,MATCH('Controle de Validade'!A110,Validade!C:C,0)) -> #N/A
A111: 204.262 | B111: KG | C111: TERMO-INJETAVEL COC 6013*** | D111: Sem fornecedor | E111: 0 | F111: Alexandra | G111: POLÍMEROS INJETADOS | H111: Sim | K111: 1 | L111: ✔️ | M111: =INDEX(Validade!H:H,MATCH('Controle de Validade'!A111,Validade!C:C,0)) -> #N/A
A112: 212.356 | B112: PC | C112: MODULO ZI | D112: QUALIFILME EMBALAGENS LTDA | E112: Nacional | F112: Gabriela | G112: EM DESENVOLVIMENTO | H112: Não | I112: NA | J112: NA | K112: 0 | L112: ✔️ | M112: =INDEX(Validade!H:H,MATCH('Controle de Validade'!A112,Validade!C:C,0)) -> #N/A
A113: 302.410 | B113: PC | C113: ROTULAGEM EMB DRIVE CM ACQUA SEM CE | D113: KEOPS INDUSTRIA GRAFICA S.A. | E113: Nacional | F113: Rafael | G113: CARTONADAS | H113: Não | I113: NA | J113: NA | K113: 0 | L113: ✔️ | M113: =INDEX(Validade!H:H,MATCH('Controle de Validade'!A113,Validade!C:C,0)) -> #N/A
A114: 335.178 | B114: PC | C114: ETIQUETA VENEZUELA CHAVES CONEXOES CURUR | D114: IMPRIME INDUSTRIA E COMERCIO DE | E114: Nacional | F114: Alexandra | G114: PHASE OUT | H114: Sim | I114: 1 Ano | J114: Val.Imprime | K114: 1 | L114: ✔️ | M114: =INDEX(Validade!H:H,MATCH('Controle de Validade'!A114,Validade!C:C,0)) -> #N/A
...

Sheet Responsável
A1: Material | B1: Cód fornecedor | C1: Fornecedor | D1: Novo planejador | E1: Origem | F1: Frequencia de entrega | G1: Política | H1: Base de Cálculo | I1: FAMÍLIA | J1: Família Processo | K1: Comentário | L1: Antigo Responsável | M1: Precisa informar?
A2: 805.036 | B2: 44000491 | C2: 3Z FITABRAS FITAS E ABRASIVOS | D2: Alexandra | E2: Nacional | F2: 60 | G2: 30 | H2: Consumo médio | I2: FITAS | J2: PRODUÇÃO | L2: Rafael | M2: =L2=D2 -> FALSE
A3: 019.0703 | D3: Gabriela | E3: Importado | F3: 0 | G3: 0 | H3: Maior entre | I3: EM DESENVOLVIMENTO | J3: EM DESENVOLVIMENTO | K3: Paloma verificando com o Thiago Riberto para atualizar as infos do item. | L3: Gabriela | M3: =L3=D3 -> TRUE
A4: 083.515 | D4: Gabriela | E4: Importado | F4: 0 | G4: 0 | H4: Maior entre | I4: EM DESENVOLVIMENTO | J4: EM DESENVOLVIMENTO | K4: Compra solicitada pela Erika Nascimento, para teste | L4: Gabriela | M4: =L4=D4 -> TRUE
A5: 201.011 | B5: 40004588 | C5: DYNAMET INC | D5: Gabriela | E5: Importado | F5: 30 | G5: 900 | H5: Plano de Produção | I5: TITÂNIO | J5: PROD USINAGEM | L5: Gabriela | M5: =L5=D5 -> TRUE
A6: 201.011 | B6: 40004587 | C6: Perryman Company | D6: Gabriela | E6: Importado | F6: 30 | G6: 900 | H6: Plano de Produção | I6: TITÂNIO | J6: PROD USINAGEM | L6: Gabriela | M6: =L6=D6 -> TRUE
A7: 201.012 | B7: 40004588 | C7: DYNAMET INC | D7: Gabriela | E7: Importado | F7: 30 | G7: 900 | H7: Plano de Produção | I7: TITÂNIO | J7: PROD USINAGEM | L7: Gabriela | M7: =L7=D7 -> TRUE
A8: 204.247 | B8: 44002381 | C8: ACNIS DO BRASIL COMERCIO DE | D8: Rafael | E8: Nacional | F8: 30 | G8: 120 | H8: Plano de Produção | I8: POLÍMEROS USINADOS | J8: VERIFCAR ONDE É USADO | L8: Rafael | M8: =L8=D8 -> TRUE
A9: 204.246 | B9: 44002381 | C9: ACNIS DO BRASIL COMERCIO DE | D9: Rafael | E9: Nacional | F9: 30 | G9: 120 | H9: Plano de Produção | I9: POLÍMEROS USINADOS | J9: VERIFCAR ONDE É USADO | L9: Rafael | M9: =L9=D9 -> TRUE
A10: 202.148 | B10: 44002356 | C10: ACOS BOHLER - UDDEHOLM DO BRASIL | D10: Gabriela | E10: Nacional | F10: 30 | G10: 900 | H10: Plano de Produção | I10: AÇO IMPORTADO | J10: PROD USINAGEM | L10: Gabriela | M10: =L10=D10 -> TRUE
A11: 202.146 | B11: 44002356 | C11: ACOS BOHLER - UDDEHOLM DO BRASIL | D11: Gabriela | E11: Nacional | F11: 30 | G11: 900 | H11: Plano de Produção | I11: AÇO IMPORTADO | J11: PROD USINAGEM | K11: Material em esgotamento, considerar política 0 | L11: Gabriela | M11: =L11=D11 -> TRUE
A12: 202.148 | B12: 44006500 | C12: ACOS BOHLER-UDDEHOLM DO BRASIL LTDA | D12: Gabriela | E12: Nacional | F12: 30 | G12: 900 | H12: Plano de Produção | I12: AÇO IMPORTADO | J12: PROD USINAGEM | L12: Gabriela | M12: =L12=D12 -> TRUE
A13: 204.099 | B13: 44005666 | C13: ACTIVAS PLASTICOS INDUSTRIAIS LTDA | D13: Alexandra | E13: Nacional | F13: 15 | G13: 90 | H13: Plano de Produção | I13: POLÍMEROS INJETADOS | J13: PROD INJETORA | L13: Rafael | M13: =L13=D13 -> FALSE
A14: 704672 | B14: 44006329 | C14: ADITEK DO BRASIL LTDA | D14: Rafael | E14: Nacional | F14: 30 | H14: Consumo médio | I14: SMILINK | J14: PROD CLEAR | L14: Gabriela | M14: =L14=D14 -> FALSE
A15: 01.05.0001.9 | B15: 44006329 | C15: ADITEK DO BRASIL LTDA | D15: Rafael | E15: Nacional | F15: 30 | H15: Consumo médio | I15: SMILINK | J15: PROD CLEAR | L15: Gabriela | M15: =L15=D15 -> FALSE
A16: 801.034 | B16: 44003250 | C16: ALEGRAF GRAFICA E EDITORA - ME | D16: Rafael | E16: Nacional | F16: 30 | G16: 60 | H16: NA | I16: PHASE OUT | J16: DIVERSOS | K16: Cada setor comprará o seu | L16: Rafael | M16: =L16=D16 -> TRUE
A17: 704269 | B17: 44003250 | C17: ALEGRAF GRAFICA E EDITORA - ME | D17: Rafael | E17: Nacional | F17: 30 | G17: 0 | H17: NA | I17: PHASE OUT | K17: phase out | L17: Rafael | M17: =L17=D17 -> TRUE
A18: 703101 | B18: 44003250 | C18: ALEGRAF GRAFICA E EDITORA - ME | D18: Rafael | E18: Nacional | G18: 0 | H18: NA | I18: PHASE OUT | J18: PROD CLEAR | K18: Mudança de projeto, entrada do Rebranding | L18: Rafael | M18: =L18=D18 -> TRUE
A19: 705642 | B19: 44000002 | C19: ALMEIDA E WERNECK LTDA | D19: Alexandra | E19: Nacional | F19: 30 | G19: 45 | H19: Plano de Produção | I19: COMPONENTE NÃO METÁLICO | J19: PROD MONTAGEM | L19: Rafael | M19: =L19=D19 -> FALSE
A20: 705641 | B20: 44000002 | C20: ALMEIDA E WERNECK LTDA | D20: Alexandra | E20: Nacional | F20: 30 | G20: 45 | H20: Plano de Produção | I20: COMPONENTE NÃO METÁLICO | J20: PROD MONTAGEM | L20: Rafael | M20: =L20=D20 -> FALSE
A21: 705640 | B21: 44000002 | C21: ALMEIDA E WERNECK LTDA | D21: Alexandra | E21: Nacional | F21: 30 | G21: 45 | H21: Plano de Produção | I21: COMPONENTE NÃO METÁLICO | J21: PROD MONTAGEM | L21: Rafael | M21: =L21=D21 -> FALSE
A22: 705639 | B22: 44000002 | C22: ALMEIDA E WERNECK LTDA | D22: Alexandra | E22: Nacional | F22: 30 | G22: 45 | H22: Plano de Produção | I22: COMPONENTE NÃO METÁLICO | J22: PROD MONTAGEM | L22: Rafael | M22: =L22=D22 -> FALSE
A23: 705638 | B23: 44000002 | C23: ALMEIDA E WERNECK LTDA | D23: Alexandra | E23: Nacional | F23: 30 | G23: 45 | H23: Plano de Produção | I23: COMPONENTE NÃO METÁLICO | J23: PROD MONTAGEM | L23: Rafael | M23: =L23=D23 -> FALSE
A24: 705637 | B24: 44000002 | C24: ALMEIDA E WERNECK LTDA | D24: Alexandra | E24: Nacional | F24: 30 | G24: 45 | H24: Plano de Produção | I24: COMPONENTE NÃO METÁLICO | J24: PROD MONTAGEM | L24: Rafael | M24: =L24=D24 -> FALSE
A25: 705636 | B25: 44000002 | C25: ALMEIDA E WERNECK LTDA | D25: Alexandra | E25: Nacional | F25: 30 | G25: 45 | H25: Plano de Produção | I25: COMPONENTE NÃO METÁLICO | J25: PROD MONTAGEM | L25: Rafael | M25: =L25=D25 -> FALSE
A26: 704348 | B26: 44000002 | C26: ALMEIDA E WERNECK LTDA | D26: Alexandra | E26: Nacional | F26: 30 | G26: 45 | H26: Plano de Produção | I26: COMPONENTE NÃO METÁLICO | J26: PROD MONTAGEM | L26: Rafael | M26: =L26=D26 -> FALSE
A27: 616.673 | B27: 44000002 | C27: ALMEIDA E WERNECK LTDA | D27: Alexandra | E27: Nacional | F27: 30 | G27: 45 | H27: Consumo médio | I27: COMPONENTE NÃO METÁLICO | J27: PROD TRS | L27: Rafael | M27: =L27=D27 -> FALSE
A28: 616.672 | B28: 44000002 | C28: ALMEIDA E WERNECK LTDA | D28: Alexandra | E28: Nacional | F28: 30 | G28: 45 | H28: Consumo médio | I28: COMPONENTE NÃO METÁLICO | J28: PROD TRS | L28: Rafael | M28: =L28=D28 -> FALSE
A29: 616.671 | B29: 44000002 | C29: ALMEIDA E WERNECK LTDA | D29: Alexandra | E29: Nacional | F29: 30 | G29: 45 | H29: Consumo médio | I29: COMPONENTE NÃO METÁLICO | J29: PROD TRS | L29: Rafael | M29: =L29=D29 -> FALSE
A30: 616.670 | B30: 44000002 | C30: ALMEIDA E WERNECK LTDA | D30: Alexandra | E30: Nacional | F30: 30 | G30: 45 | H30: Consumo médio | I30: COMPONENTE NÃO METÁLICO | J30: PROD TRS | L30: Rafael | M30: =L30=D30 -> FALSE
... A51: 212.101 | B51: 44000002 | C51: ALMEIDA E WERNECK LTDA | D51: Alexandra | E51: Nacional | F51: 30 | G51: 45 | H51: Plano de Produção | I51: COMPONENTE NÃO METÁLICO | J51: PROD MONTAGEM | L51: Rafael | M51: =L51=D51 -> FALSE
A52: 305.046 | B52: 44001794 | C52: AMCOR FLEXIBLES BRASIL LTDA | D52: Rafael | E52: Nacional | F52: 30 | G52: 90 | H52: Consumo médio | I52: EMBALAGEM | J52: PROD SALA LIMPA | L52: Gabriela | M52: =L52=D52 -> FALSE
A53: 702928 | B53: 44000950 | C53: APACHE EMBALAGENS PLASTICAS | D53: Alexandra | E53: Nacional | F53: 30 | G53: 90 | H53: Maior entre | I53: SACO PLÁSTICO | J53: PROD PACKING | L53: Gabriela | M53: =L53=D53 -> FALSE
A54: 301.094 | B54: 44000950 | C54: APACHE EMBALAGENS PLASTICAS | D54: Alexandra | E54: Nacional | F54: 30 | G54: 90 | H54: Maior entre | I54: SACO PLÁSTICO | J54: PROD PACKING | L54: Gabriela | M54: =L54=D54 -> FALSE
A55: 301.084 | B55: 44000950 | C55: APACHE EMBALAGENS PLASTICAS | D55: Alexandra | E55: Nacional | F55: 30 | G55: 90 | H55: Maior entre | I55: SACO PLÁSTICO | J55: PROD PACKING | L55: Gabriela | M55: =L55=D55 -> FALSE
A56: 704762 | B56: 44007232 | C56: APM BEVERVANSO PLASTICOS EIRELI | D56: Rafael | E56: Nacional | G56: 0 | H56: NA | I56: PHASE OUT | J56: PROD CLEAR | K56: Mudança de projeto, entrada do Rebranding | L56: Gabriela | M56: =L56=D56 -> FALSE
A57: 204.214 | B57: 44001630 | C57: APTA INDUSTRIA E COMERCIO DE | D57: Alexandra | E57: Nacional | F57: 15 | G57: 90 | H57: Maior entre | I57: POLÍMEROS INJETADOS | J57: PROD INJETORA | L57: Rafael | M57: =L57=D57 -> FALSE
A58: 204.099 | B58: 44001773 | C58: APTA INDUSTRIA E COMERCIO DE | D58: Alexandra | E58: Nacional | F58: 15 | G58: 90 | H58: Plano de Produção | I58: POLÍMEROS INJETADOS | J58: PROD INJETORA | L58: Rafael | M58: =L58=D58 -> FALSE
A59: 204.099 | B59: 44002196 | C59: APTA INDUSTRIA E COMERCIO DE | D59: Alexandra | E59: Nacional | F59: 15 | G59: 90 | H59: Plano de Produção | I59: POLÍMEROS INJETADOS | J59: PROD INJETORA | L59: Rafael | M59: =L59=D59 -> FALSE
A60: 704391 | B60: 44005654 | C60: YLLER BIOMATERIAIS S.A. | D60: Gabriela | E60: Nacional | F60: 30 | G60: 0 | H60: Plano de Produção | I60: EM DESENVOLVIMENTO | J60: PROD RESINA | K60: Material em desenvolvimento, projeto NeoResins com processo não liberado (máquina de misturar Pigmento) - Helo | L60: Gabriela | M60: =L60=D60 -> TRUE
A61: 704389 | B61: 44005654 | C61: ASTA QUIMICA LTDA | D61: Gabriela | E61: Nacional | F61: 30 | G61: 90 | H61: Plano de Produção | I61: PIGMENTO RESINA | J61: PROD RESINA | L61: Gabriela | M61: =L61=D61 -> TRUE
A62: 704388 | B62: 44005654 | C62: ASTA QUIMICA LTDA | D62: Gabriela | E62: Nacional | F62: 30 | G62: 90 | H62: Plano de Produção | I62: PIGMENTO RESINA | J62: PROD RESINA | L62: Gabriela | M62: =L62=D62 -> TRUE
A63: 704387 | B63: 44005654 | C63: ASTA QUIMICA LTDA | D63: Gabriela | E63: Nacional | F63: 30 | G63: 90 | H63: Plano de Produção | I63: PIGMENTO RESINA | J63: PROD RESINA | L63: Gabriela | M63: =L63=D63 -> TRUE
A64: 704386 | B64: 44005654 | C64: YLLER BIOMATERIAIS S.A. | D64: Gabriela | E64: Nacional | F64: 30 | G64: 0 | H64: Plano de Produção | I64: EM DESENVOLVIMENTO | J64: PROD RESINA | K64: Material em desenvolvimento, projeto NeoResins com processo não liberado (máquina de misturar Pigmento) - Helo | L64: Gabriela | M64: =L64=D64 -> TRUE
A65: 704383 | B65: 44005654 | C65: YLLER BIOMATERIAIS S.A. | D65: Gabriela | E65: Nacional | F65: 30 | G65: 0 | H65: Plano de Produção | I65: EM DESENVOLVIMENTO | J65: PROD RESINA | K65: Material em desenvolvimento, projeto NeoResins com processo não liberado (máquina de misturar Pigmento) - Helo | L65: Gabriela | M65: =L65=D65 -> TRUE
A66: 704380 | B66: 44005654 | C66: YLLER BIOMATERIAIS S.A. | D66: Gabriela | E66: Nacional | F66: 30 | G66: 0 | H66: Plano de Produção | I66: EM DESENVOLVIMENTO | J66: PROD RESINA | K66: Material em desenvolvimento, projeto NeoResins com processo não liberado (máquina de misturar Pigmento) - Helo | L66: Gabriela | M66: =L66=D66 -> TRUE
A67: 704379 | B67: 44005654 | C67: ASTA QUIMICA LTDA | D67: Gabriela | E67: Nacional | F67: 30 | G67: 90 | H67: Plano de Produção | I67: RESINA | J67: PROD RESINA | L67: Gabriela | M67: =L67=D67 -> TRUE
A68: 704314 | B68: 44005654 | C68: ASTA QUIMICA LTDA | D68: Gabriela | E68: Nacional | F68: 30 | G68: 90 | H68: Plano de Produção | I68: PIGMENTO RESINA | J68: PROD RESINA | L68: Gabriela | M68: =L68=D68 -> TRUE
A69: 704313 | B69: 44005654 | C69: ASTA QUIMICA LTDA | D69: Gabriela | E69: Nacional | F69: 30 | G69: 90 | H69: Plano de Produção | I69: PIGMENTO RESINA | J69: PROD RESINA | L69: Gabriela | M69: =L69=D69 -> TRUE
A70: 201.012 | B70: 40004587 | C70: Perryman Company | D70: Gabriela | E70: Importado | F70: 30 | G70: 900 | H70: Plano de Produção | I70: TITÂNIO | J70: PROD USINAGEM | L70: Gabriela | M70: =L70=D70 -> TRUE
A71: 704695 | B71: 44006352 | C71: AUTO ADESIVOS PARANA S.A | D71: Alexandra | E71: Nacional | F71: 30 | G71: 90 | H71: Plano de Produção | I71: ETIQUETAS | J71: PROD RESINA | L71: Rafael | M71: =L71=D71 -> FALSE
A72: 510.074 | B72: 44001310 | C72: AVATAR MARQUES ZAHDI 07321493989 | D72: Rafael | E72: Nacional | F72: 30 | H72: Consumo médio | I72: PHASE OUT | J72: PROD MANUTENÇÃO | L72: Rafael | M72: =L72=D72 -> TRUE
A73: 510.065 | B73: 44001310 | C73: AVATAR MARQUES ZAHDI 07321493989 | D73: Rafael | E73: Nacional | F73: 30 | G73: 30 | H73: Consumo médio | I73: INDIRETO | J73: PROD MANUTENÇÃO | L73: Rafael | M73: =L73=D73 -> TRUE
A74: 510.043 | B74: 44001310 | C74: AVATAR MARQUES ZAHDI 07321493989 | D74: Rafael | E74: Nacional | F74: 30 | G74: 30 | H74: Consumo médio | I74: INDIRETO | J74: PROD MANUTENÇÃO | L74: Rafael | M74: =L74=D74 -> TRUE
A75: 201.013 | B75: 40004588 | C75: DYNAMET INC | D75: Gabriela | E75: Importado | F75: 30 | G75: 900 | H75: Plano de Produção | I75: TITÂNIO | J75: PROD USINAGEM | L75: Gabriela | M75: =L75=D75 -> TRUE
A76: 201.014 | B76: 44000134 | C76: DYNAMET INC | D76: Gabriela | E76: Importado | F76: 30 | G76: 900 | H76: Plano de Produção | I76: TITÂNIO | J76: PROD USINAGEM | L76: Gabriela | M76: =L76=D76 -> TRUE
A77: 201.014 | B77: 40004587 | C77: Perryman Company | D77: Gabriela | E77: Importado | F77: 30 | G77: 900 | H77: Plano de Produção | I77: TITÂNIO | J77: PROD USINAGEM | L77: Gabriela | M77: =L77=D77 -> TRUE
A78: 201.015 | B78: 40004588 | C78: DYNAMET INC | D78: Gabriela | E78: Importado | F78: 30 | G78: 900 | H78: Plano de Produção | I78: TITÂNIO | J78: PROD USINAGEM | L78: Gabriela | M78: =L78=D78 -> TRUE
A79: 201.016 | B79: 40004588 | C79: DYNAMET INC | D79: Gabriela | E79: Importado | F79: 30 | G79: 900 | H79: Plano de Produção | I79: TITÂNIO | J79: PROD USINAGEM | L79: Gabriela | M79: =L79=D79 -> TRUE
A80: 201.016 | B80: 40004587 | C80: Perryman Company | D80: Gabriela | E80: Importado | F80: 30 | G80: 900 | H80: Plano de Produção | I80: TITÂNIO | J80: PROD USINAGEM | L80: Gabriela | M80: =L80=D80 -> TRUE
A81: 201.017 | B81: 40004588 | C81: DYNAMET INC | D81: Gabriela | E81: Importado | F81: 30 | G81: 900 | H81: Plano de Produção | I81: TITÂNIO | J81: PROD USINAGEM | L81: Gabriela | M81: =L81=D81 -> TRUE
A82: 201.019 | B82: 44000134 | C82: DYNAMET INC | D82: Gabriela | E82: Importado | F82: 30 | G82: 900 | H82: Plano de Produção | I82: TITÂNIO | J82: PROD USINAGEM | L82: Gabriela | M82: =L82=D82 -> TRUE
A83: 201.021 | B83: 44000134 | C83: DYNAMET INC | D83: Gabriela | E83: Importado | F83: 30 | G83: 900 | H83: Plano de Produção | I83: TITÂNIO | J83: PROD USINAGEM | L83: Gabriela | M83: =L83=D83 -> TRUE
A84: 201.024 | B84: 40004588 | C84: DYNAMET INC | D84: Gabriela | E84: Importado | F84: 30 | G84: 900 | H84: Plano de Produção | I84: TITÂNIO | J84: PROD USINAGEM | L84: Gabriela | M84: =L84=D84 -> TRUE
... A106: 312.085 | B106: 44000875 | C106: CHEIRO DE SAUDADE COM FLORES E | D106: Alexandra | E106: Nacional | F106: 30 | G106: 45 | H106: Maior entre | I106: SACO PLÁSTICO | J106: PRODUÇÃO | L106: Gabriela | M106: =L106=D106 -> FALSE
A107: 204.245 | B107: 44001798 | C107: COLORFIX ITAMASTER INDUSTRIA DE | D107: Alexandra | E107: Nacional | F107: 30 | G107: 0 | H107: NA | I107: PHASE OUT | L107: Gabriela | M107: =L107=D107 -> FALSE
A108: 204.169 | B108: 44001798 | C108: COLORFIX ITAMASTER INDUSTRIA DE | D108: Alexandra | E108: Nacional | F108: 30 | G108: 90 | H108: Plano de Produção | I108: POLÍMEROS INJETADOS | J108: PROD INJETORA | L108: Gabriela | M108: =L108=D108 -> FALSE
A109: 204.168 | B109: 44001798 | C109: COLORFIX ITAMASTER INDUSTRIA DE | D109: Alexandra | E109: Nacional | F109: 30 | G109: 90 | H109: Plano de Produção | I109: POLÍMEROS INJETADOS | J109: PROD INJETORA | L109: Gabriela | M109: =L109=D109 -> FALSE
A110: 204.166 | B110: 44001798 | C110: COLORFIX ITAMASTER INDUSTRIA DE | D110: Alexandra | E110: Nacional | F110: 30 | G110: 90 | H110: Plano de Produção | I110: POLÍMEROS INJETADOS | J110: PROD INJETORA | L110: Gabriela | M110: =L110=D110 -> FALSE
A111: 204.165 | B111: 44001798 | C111: COLORFIX ITAMASTER INDUSTRIA DE | D111: Alexandra | E111: Nacional | F111: 30 | G111: 90 | H111: Plano de Produção | I111: POLÍMEROS INJETADOS | J111: PROD INJETORA | L111: Gabriela | M111: =L111=D111 -> FALSE
A112: 204.164 | B112: 44001798 | C112: COLORFIX ITAMASTER INDUSTRIA DE | D112: Alexandra | E112: Nacional | F112: 30 | G112: 90 | H112: Plano de Produção | I112: POLÍMEROS INJETADOS | J112: PROD INJETORA | L112: Gabriela | M112: =L112=D112 -> FALSE
A113: 204.163 | B113: 44001798 | C113: COLORFIX ITAMASTER INDUSTRIA DE | D113: Alexandra | E113: Nacional | F113: 30 | G113: 90 | H113: Plano de Produção | I113: POLÍMEROS INJETADOS | J113: PROD INJETORA | L113: Gabriela | M113: =L113=D113 -> FALSE
A114: 204.158 | B114: 44001798 | C114: COLORFIX ITAMASTER INDUSTRIA DE | D114: Alexandra | E114: Nacional | F114: 30 | G114: 90 | H114: Plano de Produção | I114: POLÍMEROS INJETADOS | J114: PROD INJETORA | L114: Gabriela | M114: =L114=D114 -> FALSE
A115: 204.114 | B115: 44001798 | C115: COLORFIX ITAMASTER INDUSTRIA DE | D115: Alexandra | E115: Nacional | F115: 30 | G115: 90 | H115: Plano de Produção | I115: POLÍMEROS INJETADOS | J115: PROD INJETORA | L115: Gabriela | M115: =L115=D115 -> FALSE
A116: 204.112 | B116: 44001798 | C116: COLORFIX ITAMASTER INDUSTRIA DE | D116: Alexandra | E116: Nacional | F116: 30 | G116: 90 | H116: Plano de Produção | I116: POLÍMEROS INJETADOS | J116: PROD INJETORA | L116: Gabriela | M116: =L116=D116 -> FALSE
A117: 204.102 | B117: 44001798 | C117: COLORFIX ITAMASTER INDUSTRIA DE | D117: Alexandra | E117: Nacional | F117: 30 | G117: 90 | H117: Plano de Produção | I117: POLÍMEROS INJETADOS | J117: PROD INJETORA | L117: Gabriela | M117: =L117=D117 -> FALSE
A118: 514720 | B118: 44001839 | C118: CONCORDE LOGISTICA & DISTRIBUI | D118: Alexandra | E118: Nacional | F118: 30 | G118: 30 | H118: Consumo médio | I118: LIMPEZA | J118: PRODUÇÃO | L118: Rafael | M118: =L118=D118 -> FALSE
A119: 514719 | B119: 44001839 | C119: CONCORDE LOGISTICA & DISTRIBUI | D119: Rafael | E119: Nacional | F119: 30 | G119: 0 | H119: NA | I119: PHASE OUT | J119: PROD CLEAR | K119: Phase out | L119: Rafael | M119: =L119=D119 -> TRUE
A120: 504.104 | B120: 44001839 | C120: CONCORDE LOGISTICA & DISTRIBUI | D120: Alexandra | E120: Nacional | F120: 30 | G120: 30 | H120: Consumo médio | I120: EPI | J120: PRODUÇÃO | L120: Rafael | M120: =L120=D120 -> FALSE
A121: 504.057 | B121: 44001839 | C121: CONCORDE LOGISTICA & DISTRIBUI | D121: Alexandra | E121: Nacional | F121: 30 | G121: 30 | H121: Consumo médio | I121: EPI | J121: PRODUÇÃO | L121: Rafael | M121: =L121=D121 -> FALSE
A122: 504.047 | B122: 44001839 | C122: CONCORDE LOGISTICA & DISTRIBUI | D122: Alexandra | E122: Nacional | F122: 30 | G122: 30 | H122: Consumo médio | I122: EPI | J122: PRODUÇÃO | L122: Rafael | M122: =L122=D122 -> FALSE
A123: 504.046 | B123: 44001839 | C123: CONCORDE LOGISTICA & DISTRIBUI | D123: Alexandra | E123: Nacional | F123: 30 | G123: 30 | H123: Consumo médio | I123: EPI | J123: PRODUÇÃO | L123: Rafael | M123: =L123=D123 -> FALSE
A124: 504.025 | B124: 44001839 | C124: CONCORDE LOGISTICA & DISTRIBUI | D124: Alexandra | E124: Nacional | F124: 30 | G124: 30 | H124: Consumo médio | I124: EPI | J124: PRODUÇÃO | L124: Rafael | M124: =L124=D124 -> FALSE
A125: 504.024 | B125: 44001839 | C125: CONCORDE LOGISTICA & DISTRIBUI | D125: Alexandra | E125: Nacional | F125: 30 | G125: 30 | H125: Consumo médio | I125: EPI | J125: PRODUÇÃO | L125: Rafael | M125: =L125=D125 -> FALSE
A126: 504.023 | B126: 44001839 | C126: CONCORDE LOGISTICA & DISTRIBUI | D126: Alexandra | E126: Nacional | F126: 30 | G126: 30 | H126: Consumo médio | I126: EPI | J126: PRODUÇÃO | L126: Rafael | M126: =L126=D126 -> FALSE
A127: 504.022 | B127: 44001839 | C127: CONCORDE LOGISTICA & DISTRIBUI | D127: Alexandra | E127: Nacional | F127: 30 | G127: 30 | H127: Consumo médio | I127: EPI | J127: PRODUÇÃO | L127: Rafael | M127: =L127=D127 -> FALSE
A128: 100581 | B128: 44001829 | C128: CONTRISO GESTOES VISUAIS LTDA | D128: Gabriela | E128: Nacional | F128: 30 | G128: 30 | H128: NA | I128: PHASE OUT | J128: TREINAMENTO E EDUCAÇÃO | K128: Item inativo, informado via MKT | L128: Gabriela | M128: =L128=D128 -> TRUE
A129: 803.024 | B129: 44001811 | C129: COPAPEL COMERCIO E REPRESENTACOES | D129: Alexandra | E129: Nacional | F129: 30 | G129: 30 | H129: Consumo médio | I129: LIMPEZA | J129: PRODUÇÃO | L129: Rafael | M129: =L129=D129 -> FALSE
A130: 514739 | B130: 44001811 | C130: COPAPEL COMERCIO E REPRESENTACOES | D130: Alexandra | E130: Nacional | F130: 30 | G130: 30 | H130: Consumo médio | I130: LIMPEZA | J130: PRODUÇÃO | L130: Rafael | M130: =L130=D130 -> FALSE
A131: 513610 | B131: 44001811 | C131: COPAPEL COMERCIO E REPRESENTACOES | D131: Alexandra | E131: Nacional | F131: 30 | G131: 30 | H131: Consumo médio | I131: LIMPEZA | J131: PROD CLEAR | L131: Rafael | M131: =L131=D131 -> FALSE
A132: 704670 | D132: Rafael | E132: Nacional | F132: 30 | H132: Consumo médio | I132: SMILINK | J132: PROD CLEAR | L132: Gabriela | M132: =L132=D132 -> FALSE
A133: 522.026 | B133: 44001889 | C133: CRV INDUSTRIAL - INDUSTRIA E COM DE FIXADORES E FERRAMENTAS LTDA | D133: Alexandra | E133: Nacional | F133: 30 | G133: 30 | H133: Consumo médio | I133: SPARE PARTS | J133: PROD MONTAGEM | L133: Gabriela | M133: =L133=D133 -> FALSE
A134: 704462 | B134: 44005119 | C134: CRYOVAC BRASIL LTDA | D134: Gabriela | E134: Nacional | F134: 30 | G134: 180 | H134: Maior entre | I134: SMILINK | J134: PROD CLEAR | L134: Rafael | M134: =L134=D134 -> FALSE
A135: 703907 | B135: 44005119 | C135: CRYOVAC BRASIL LTDA | D135: Gabriela | E135: Nacional | F135: 30 | G135: 90 | H135: Consumo médio | I135: ALINHADOR | J135: PROD CLEAR | L135: Rafael | M135: =L135=D135 -> FALSE
A136: 704357 | B136: 44005740 | C136: DELTA PACK INDUSTRIA DE MAQUIN | D136: Alexandra | E136: Nacional | F136: 30 | G136: 30 | H136: Plano de produção | I136: EMBALAGEM | J136: PROD RESINA | L136: Rafael | M136: =L136=D136 -> FALSE
A137: 514698 | B137: 44005716 | C137: DIALEVER DIST. DE PRODUTOS | D137: Rafael | E137: Nacional | F137: 30 | G137: 90 | H137: Consumo médio | I137: INDIRETO | J137: PROD RESINA | L137: Rafael | M137: =L137=D137 -> TRUE
A138: 704548 | B138: 44000447 | C138: DIAMANPAR INDUSTRIA E COMERCIO DE | D138: Gabriela | E138: Nacional | F138: 30 | G138: 90 | H138: Maior entre | I138: AÇO NACIONAL | J138: PROD USINAGEM | L138: Rafael | M138: =L138=D138 -> FALSE
A139: 703922 | B139: 44000447 | C139: DIAMANPAR INDUSTRIA E COMERCIO DE | D139: Gabriela | E139: Nacional | F139: 30 | G139: 45 | H139: Consumo médio | I139: INDIRETO | J139: PROD TRS | L139: Rafael | M139: =L139=D139 -> FALSE
A140: 702934 | B140: 44000447 | C140: DIAMANPAR INDUSTRIA E COMERCIO DE | D140: Gabriela | E140: Nacional | F140: 30 | G140: 90 | H140: Maior entre | I140: AÇO NACIONAL | J140: PROD USINAGEM | L140: Rafael | M140: =L140=D140 -> FALSE
A141: 210.084 | B141: 44000447 | C141: DIAMANPAR INDUSTRIA E COMERCIO DE | D141: Gabriela | E141: Nacional | F141: 30 | G141: 90 | H141: Maior entre | I141: AÇO NACIONAL | J141: PROD USINAGEM | L141: Rafael | M141: =L141=D141 -> FALSE
...

Sheet Validade
A1: Pla. | B1: Dep. | C1: Material | D1: Responsável | E1: Origem | F1: Número do material | G1: Lote | H1: Data do vencimento | I1: Data prod. | J1: Utiliz.livre | K1: Nº conta do fornecedor | L1: Tipo | M1: Comentário | N1: Validade
A2: 4400 | B2: 0002 | C2: 202.044 | D2: =INDEX(#REF!,MATCH(Validade!C2,#REF!,0)) -> #REF! | E2: =INDEX(#REF!,MATCH(Validade!C2,#REF!,0)) -> #REF! | F2: ACO INOX 455 D31.75MM | G2: 155224 | H2: 62458 | I2: 42999 | J2: 3060 | L2: =INDEX(Dispodaten2!B:B,MATCH(C2,Dispodaten2!A:A,0)) -> PD
A3: 4400 | B3: 0002 | C3: 205.005 | D3: =INDEX(#REF!,MATCH(Validade!C3,#REF!,0)) -> #REF! | E3: =INDEX(#REF!,MATCH(Validade!C3,#REF!,0)) -> #REF! | F3: ALUMINIO AA6351-T6 D15.8MM | G3: 43909 | H3: 62458 | I3: 43423 | J3: 2900 | L3: =INDEX(Dispodaten2!B:B,MATCH(C3,Dispodaten2!A:A,0)) -> PD
A4: 4400 | B4: 0002 | C4: 212.290 | D4: =INDEX(#REF!,MATCH(Validade!C4,#REF!,0)) -> #REF! | E4: =INDEX(#REF!,MATCH(Validade!C4,#REF!,0)) -> #REF! | F4: BASE EST.CIR.IMP.CON.INTER. | G4: 041724 | H4: 62458 | I4: 43354 | J4: 4 | L4: =INDEX(Dispodaten2!B:B,MATCH(C4,Dispodaten2!A:A,0)) -> PD
A5: 4400 | B5: 0002 | C5: 212.292 | D5: =INDEX(#REF!,MATCH(Validade!C5,#REF!,0)) -> #REF! | E5: =INDEX(#REF!,MATCH(Validade!C5,#REF!,0)) -> #REF! | F5: BASE EST.KIT CIR.NGS FACI. | G5: 027512R02 | H5: 62458 | I5: 43428 | J5: 5 | L5: =INDEX(Dispodaten2!B:B,MATCH(C5,Dispodaten2!A:A,0)) -> PD
A6: 4400 | B6: 0002 | C6: 212.310 | D6: =INDEX(#REF!,MATCH(Validade!C6,#REF!,0)) -> #REF! | E6: =INDEX(#REF!,MATCH(Validade!C6,#REF!,0)) -> #REF! | F6: BASE ESTOJO PARA KIT CIRURGICO GM E WS | G6: 038865 | H6: 62458 | I6: 43298 | J6: 151 | L6: =INDEX(Dispodaten2!B:B,MATCH(C6,Dispodaten2!A:A,0)) -> PD
A7: 4401 | B7: 0002 | C7: 704186 | D7: =INDEX(#REF!,MATCH(Validade!C7,#REF!,0)) -> #REF! | E7: =INDEX(#REF!,MATCH(Validade!C7,#REF!,0)) -> #REF! | F7: EMB TRANSP RESINS G | G7: 154.832 | J7: 1178 | L7: =INDEX(Dispodaten2!B:B,MATCH(C7,Dispodaten2!A:A,0)) -> PD
A8: 4400 | B8: 0001 | C8: 707714 | D8: =INDEX(#REF!,MATCH(Validade!C8,#REF!,0)) -> #REF! | E8: =INDEX(#REF!,MATCH(Validade!C8,#REF!,0)) -> #REF! | F8: EMB. CART. NEOCONVERT PACK COMPONENTES | G8: 156490 | J8: 970 | L8: =INDEX(Dispodaten2!B:B,MATCH(C8,Dispodaten2!A:A,0)) -> PD
A9: 4400 | B9: 0001 | C9: 302.167 | D9: =INDEX(#REF!,MATCH(Validade!C9,#REF!,0)) -> #REF! | E9: =INDEX(#REF!,MATCH(Validade!C9,#REF!,0)) -> #REF! | F9: EMB.CART.IMPL.DEMO.DRIVE GM | G9: 50058 | H9: 62458 | I9: 43230 | J9: 500 | L9: =INDEX(Dispodaten2!B:B,MATCH(C9,Dispodaten2!A:A,0)) -> PD
A10: 4400 | B10: 0002 | C10: 301.094 | D10: =INDEX(#REF!,MATCH(Validade!C10,#REF!,0)) -> #REF! | E10: =INDEX(#REF!,MATCH(Validade!C10,#REF!,0)) -> #REF! | F10: EMB.PRIMARIA PLASTICA 80MM STRAUMANN | G10: 215649 | H10: 62458 | I10: 42878 | J10: 1548000 | L10: =INDEX(Dispodaten2!B:B,MATCH(C10,Dispodaten2!A:A,0)) -> PD
A11: 4400 | B11: 0002 | C11: 519639 | D11: =INDEX(#REF!,MATCH(Validade!C11,#REF!,0)) -> #REF! | E11: =INDEX(#REF!,MATCH(Validade!C11,#REF!,0)) -> #REF! | F11: EQUIPO PARA BOMBA PERISTALTICA | G11: MAI24134LP | J11: 1148 | L11: =INDEX(Dispodaten2!B:B,MATCH(C11,Dispodaten2!A:A,0)) -> V1
A12: 4400 | B12: 0002 | C12: 708001 | D12: =INDEX(#REF!,MATCH(Validade!C12,#REF!,0)) -> #REF! | E12: =INDEX(#REF!,MATCH(Validade!C12,#REF!,0)) -> #REF! | F12: ETIQUETA DE RASTREABILIDADE 11 DIVISOES | G12: 4208 | J12: 9000 | L12: =INDEX(Dispodaten2!B:B,MATCH(C12,Dispodaten2!A:A,0)) -> PD
A13: 4400 | B13: 0002 | C13: 301.092 | D13: =INDEX(#REF!,MATCH(Validade!C13,#REF!,0)) -> #REF! | E13: =INDEX(#REF!,MATCH(Validade!C13,#REF!,0)) -> #REF! | F13: FILM TAPE OPP FTB9030190 | G13: 222566 | H13: 62458 | I13: 43123 | J13: 3040 | L13: =INDEX(Dispodaten2!B:B,MATCH(C13,Dispodaten2!A:A,0)) -> ND
A14: 4400 | B14: 0002 | C14: 212.022 | D14: =INDEX(#REF!,MATCH(Validade!C14,#REF!,0)) -> #REF! | E14: =INDEX(#REF!,MATCH(Validade!C14,#REF!,0)) -> #REF! | F14: INJETADO ABS PARA POSICIONADORES (RHEIN) | G14: 218902 | H14: 62458 | I14: 43000 | J14: 5000 | L14: =INDEX(Dispodaten2!B:B,MATCH(C14,Dispodaten2!A:A,0)) -> PD
A15: 4400 | B15: 0002 | C15: 212.062 | D15: =INDEX(#REF!,MATCH(Validade!C15,#REF!,0)) -> #REF! | E15: =INDEX(#REF!,MATCH(Validade!C15,#REF!,0)) -> #REF! | F15: INJETADO CAPA CALCINAVEL PS P/CLIP AZUL | G15: 146930 | H15: 62458 | I15: 43000 | J15: 181 | L15: =INDEX(Dispodaten2!B:B,MATCH(C15,Dispodaten2!A:A,0)) -> PD
A16: 4400 | B16: 0002 | C16: 212.060 | D16: =INDEX(#REF!,MATCH(Validade!C16,#REF!,0)) -> #REF! | E16: =INDEX(#REF!,MATCH(Validade!C16,#REF!,0)) -> #REF! | F16: INJETADO PS PARA BARRA CLIP AZUL | G16: 166462 | H16: 62458 | I16: 43000 | J16: 94 | L16: =INDEX(Dispodaten2!B:B,MATCH(C16,Dispodaten2!A:A,0)) -> PD
A17: 4400 | B17: 0002 | C17: 210.041 | D17: =INDEX(#REF!,MATCH(Validade!C17,#REF!,0)) -> #REF! | E17: =INDEX(#REF!,MATCH(Validade!C17,#REF!,0)) -> #REF! | F17: METAL DURO D14.0MM | G17: 203111 | H17: 62458 | I17: 43000 | J17: 1245 | L17: =INDEX(Dispodaten2!B:B,MATCH(C17,Dispodaten2!A:A,0)) -> V1
A18: 4400 | B18: 0002 | C18: 210.004 | D18: =INDEX(#REF!,MATCH(Validade!C18,#REF!,0)) -> #REF! | E18: =INDEX(#REF!,MATCH(Validade!C18,#REF!,0)) -> #REF! | F18: METAL DURO D4.20X80MM*** | G18: 153900 | H18: 62458 | I18: 43000 | J18: 52 | L18: =INDEX(Dispodaten2!B:B,MATCH(C18,Dispodaten2!A:A,0)) -> ND
A19: 4400 | B19: 0002 | C19: 210.058 | D19: =INDEX(#REF!,MATCH(Validade!C19,#REF!,0)) -> #REF! | E19: =INDEX(#REF!,MATCH(Validade!C19,#REF!,0)) -> #REF! | F19: METAL DURO D6.0X40MM | G19: 229000 | H19: 62458 | I19: 43429 | J19: 171 | L19: =INDEX(Dispodaten2!B:B,MATCH(C19,Dispodaten2!A:A,0)) -> V1
A20: 4400 | B20: 0002 | C20: 210.060 | D20: =INDEX(#REF!,MATCH(Validade!C20,#REF!,0)) -> #REF! | E20: =INDEX(#REF!,MATCH(Validade!C20,#REF!,0)) -> #REF! | F20: METAL DURO D6.0X50MM | G20: 17830742 | H20: 62458 | I20: 43429 | J20: 300 | L20: =INDEX(Dispodaten2!B:B,MATCH(C20,Dispodaten2!A:A,0)) -> V1
A21: 4400 | B21: 0002 | C21: 212.244 | D21: =INDEX(#REF!,MATCH(Validade!C21,#REF!,0)) -> #REF! | E21: =INDEX(#REF!,MATCH(Validade!C21,#REF!,0)) -> #REF! | F21: MOLA INOX 304 D0.5.EXT.7XPAS.3.5XCP.40MM | G21: 35462 | H21: 62458 | I21: 43000 | J21: 1156 | L21: =INDEX(Dispodaten2!B:B,MATCH(C21,Dispodaten2!A:A,0)) -> PD
A22: 4400 | B22: 0002 | C22: 212.245 | D22: =INDEX(#REF!,MATCH(Validade!C22,#REF!,0)) -> #REF! | E22: =INDEX(#REF!,MATCH(Validade!C22,#REF!,0)) -> #REF! | F22: O-RING SILICONE D10.00X1.00MM VERMELHO | G22: 44337 | H22: 62458 | I22: 43000 | J22: 970 | L22: =INDEX(Dispodaten2!B:B,MATCH(C22,Dispodaten2!A:A,0)) -> PD
A23: 4400 | B23: 0002 | C23: 708381 | D23: =INDEX(#REF!,MATCH(Validade!C23,#REF!,0)) -> #REF! | E23: =INDEX(#REF!,MATCH(Validade!C23,#REF!,0)) -> #REF! | F23: POLI.POM-POLIOXIMETILENO D28.0MM BRANCO | G23: 66612 | J23: 27000 | L23: =INDEX(Dispodaten2!B:B,MATCH(C23,Dispodaten2!A:A,0)) -> PD
A24: 4400 | B24: 0002 | C24: 204.104 | D24: =INDEX(#REF!,MATCH(Validade!C24,#REF!,0)) -> #REF! | E24: =INDEX(#REF!,MATCH(Validade!C24,#REF!,0)) -> #REF! | F24: POLI.POM-POLIOXIMETILENO D50.8MM PRETO | G24: 155995 | H24: 62458 | I24: 43000 | J24: 10000 | L24: =INDEX(Dispodaten2!B:B,MATCH(C24,Dispodaten2!A:A,0)) -> PD
A25: 4400 | B25: 0002 | C25: 203.003 | D25: =INDEX(#REF!,MATCH(Validade!C25,#REF!,0)) -> #REF! | E25: =INDEX(#REF!,MATCH(Validade!C25,#REF!,0)) -> #REF! | F25: TILITE D6.35MM*** | G25: 1003869140 | H25: 62458 | I25: 43000 | J25: 185940 | L25: =INDEX(Dispodaten2!B:B,MATCH(C25,Dispodaten2!A:A,0)) -> ND
A26: 4400 | B26: 0002 | C26: 201.104 | D26: =INDEX(#REF!,MATCH(Validade!C26,#REF!,0)) -> #REF! | E26: =INDEX(#REF!,MATCH(Validade!C26,#REF!,0)) -> #REF! | F26: TITANIO D13MM TI6AL4V-ELI GRAU 5*** | G26: 194332 | H26: 62458 | I26: 43091 | J26: 8600 | L26: =INDEX(Dispodaten2!B:B,MATCH(C26,Dispodaten2!A:A,0)) -> ND
A27: 4400 | B27: 0002 | C27: 201.105 | D27: =INDEX(#REF!,MATCH(Validade!C27,#REF!,0)) -> #REF! | E27: =INDEX(#REF!,MATCH(Validade!C27,#REF!,0)) -> #REF! | F27: TITANIO D16MM TI6AL4V-ELI GRAU 5*** | G27: 194333 | H27: 62458 | I27: 43090 | J27: 8600 | L27: =INDEX(Dispodaten2!B:B,MATCH(C27,Dispodaten2!A:A,0)) -> ND
A28: 4400 | B28: 0002 | C28: 204.047 | D28: =INDEX(#REF!,MATCH(Validade!C28,#REF!,0)) -> #REF! | E28: =INDEX(#REF!,MATCH(Validade!C28,#REF!,0)) -> #REF! | F28: TUBO DE SILICONE D12.0XD6.0MM | G28: 249635 | H28: 62458 | I28: 43000 | J28: 165000 | L28: =INDEX(Dispodaten2!B:B,MATCH(C28,Dispodaten2!A:A,0)) -> PD
A29: 4400 | B29: 0002 | C29: 204.048 | D29: =INDEX(#REF!,MATCH(Validade!C29,#REF!,0)) -> #REF! | E29: =INDEX(#REF!,MATCH(Validade!C29,#REF!,0)) -> #REF! | F29: TUBO DE SILICONE D6.4XD3.2MM | G29: 211503 | H29: 62458 | I29: 43000 | J29: 60000 | L29: =INDEX(Dispodaten2!B:B,MATCH(C29,Dispodaten2!A:A,0)) -> PD
A30: 4400 | B30: 0002 | C30: 204.045 | D30: =INDEX(#REF!,MATCH(Validade!C30,#REF!,0)) -> #REF! | E30: =INDEX(#REF!,MATCH(Validade!C30,#REF!,0)) -> #REF! | F30: TUBO DE SILICONE D8.0XD4.0MM | G30: 252917 | H30: 62458 | I30: 43000 | J30: 75000 | L30: =INDEX(Dispodaten2!B:B,MATCH(C30,Dispodaten2!A:A,0)) -> PD
A31: 4400 | B31: 0002 | C31: 212.104 | D31: =INDEX(#REF!,MATCH(Validade!C31,#REF!,0)) -> #REF! | E31: =INDEX(#REF!,MATCH(Validade!C31,#REF!,0)) -> #REF! | F31: CURETTE SINIO (#1) LONG ALUMINIUM HANDLE | G31: 9973:001 | J31: 79 | K31: A TITAN INSTRUMENTS | L31: =INDEX(Dispodaten2!B:B,MATCH(C31,Dispodaten2!A:A,0)) -> PD | M31: Validade de 4 anos foi arrumada para sem validade
A32: 4400 | B32: 0002 | C32: 212.105 | D32: =INDEX(#REF!,MATCH(Validade!C32,#REF!,0)) -> #REF! | E32: =INDEX(#REF!,MATCH(Validade!C32,#REF!,0)) -> #REF! | F32: CURETTE SINIO (#3) LONG ALUMINIUM HANDLE | G32: 159644:003 | J32: 93 | K32: A TITAN INSTRUMENTS | L32: =INDEX(Dispodaten2!B:B,MATCH(C32,Dispodaten2!A:A,0)) -> PD
A33: 4400 | B33: 0002 | C33: 212.106 | D33: =INDEX(#REF!,MATCH(Validade!C33,#REF!,0)) -> #REF! | E33: =INDEX(#REF!,MATCH(Validade!C33,#REF!,0)) -> #REF! | F33: CURETTE SINIO (#4) LONG ALUMINIUM HANDLE | G33: 159644:002 | J33: 99 | K33: A TITAN INSTRUMENTS | L33: =INDEX(Dispodaten2!B:B,MATCH(C33,Dispodaten2!A:A,0)) -> PD | M33: Validade arrumada como sem validade
A34: 4400 | B34: 0002 | C34: 212.107 | D34: =INDEX(#REF!,MATCH(Validade!C34,#REF!,0)) -> #REF! | E34: =INDEX(#REF!,MATCH(Validade!C34,#REF!,0)) -> #REF! | F34: CURETTE SINIO (#5) LONG ALUMINIUM HANDLE | G34: 159644:001 | J34: 97 | K34: A TITAN INSTRUMENTS | L34: =INDEX(Dispodaten2!B:B,MATCH(C34,Dispodaten2!A:A,0)) -> PD | M34: Sem Validade(Confirmar com fornecedor)
A35: 4400 | B35: 0002 | C35: 212.108 | D35: =INDEX(#REF!,MATCH(Validade!C35,#REF!,0)) -> #REF! | E35: =INDEX(#REF!,MATCH(Validade!C35,#REF!,0)) -> #REF! | F35: CURETTE SINIO (#7) LONG ALUMINIUM HANDLE | G35: 9667:001 | J35: 47 | K35: A TITAN INSTRUMENTS | L35: =INDEX(Dispodaten2!B:B,MATCH(C35,Dispodaten2!A:A,0)) -> PD
A36: 4400 | B36: 0002 | C36: 301.083 | D36: =INDEX(#REF!,MATCH(Validade!C36,#REF!,0)) -> #REF! | E36: =INDEX(#REF!,MATCH(Validade!C36,#REF!,0)) -> #REF! | F36: CONJUNTO EMB.PRIMARIA CURETA TAMPA/BASE | G36: 25 | J36: 385 | K36: ACC COMERCIO DE EMBALAGENS LTDA | L36: =INDEX(Dispodaten2!B:B,MATCH(C36,Dispodaten2!A:A,0)) -> PD
A37: 4400 | B37: 0002 | C37: 301.081 | D37: =INDEX(#REF!,MATCH(Validade!C37,#REF!,0)) -> #REF! | E37: =INDEX(#REF!,MATCH(Validade!C37,#REF!,0)) -> #REF! | F37: EMB PRIMARIA CONJ EMBALAG CHAVES CATRACA | G37: 23 | J37: 3850 | K37: ACC COMERCIO DE EMBALAGENS LTDA | L37: =INDEX(Dispodaten2!B:B,MATCH(C37,Dispodaten2!A:A,0)) -> V1
A38: 4400 | B38: 0002 | C38: 204.246 | D38: =INDEX(#REF!,MATCH(Validade!C38,#REF!,0)) -> #REF! | E38: =INDEX(#REF!,MATCH(Validade!C38,#REF!,0)) -> #REF! | F38: VESTAKEEP DC4420R GRAU ODONT.D6X1000MM | G38: 72451111 | H38: 62458 | J38: 517816 | K38: ACNIS DO BRASIL COMERCIO DE | L38: =INDEX(Dispodaten2!B:B,MATCH(C38,Dispodaten2!A:A,0)) -> PD
A39: 4400 | B39: 0002 | C39: 204.247 | D39: =INDEX(#REF!,MATCH(Validade!C39,#REF!,0)) -> #REF! | E39: =INDEX(#REF!,MATCH(Validade!C39,#REF!,0)) -> #REF! | F39: VESTAKEEP DC4420R GRAU ODONT.D8X1000MM | G39: 72811710 | H39: 62458 | J39: 478733.84 | K39: ACNIS DO BRASIL COMERCIO DE | L39: =INDEX(Dispodaten2!B:B,MATCH(C39,Dispodaten2!A:A,0)) -> PD
A40: 4400 | B40: 0002 | C40: 202.148 | D40: =INDEX(#REF!,MATCH(Validade!C40,#REF!,0)) -> #REF! | E40: =INDEX(#REF!,MATCH(Validade!C40,#REF!,0)) -> #REF! | F40: ACO INOX M340 D12.50MM | G40: CEB957 | H40: 46418 | J40: 292755 | K40: ACOS BOHLER-UDDEHOLM DO BRASIL LTDA | L40: =INDEX(Dispodaten2!B:B,MATCH(C40,Dispodaten2!A:A,0)) -> PD
A41: 4400 | B41: 0002 | C41: 202.146 | D41: =INDEX(#REF!,MATCH(Validade!C41,#REF!,0)) -> #REF! | E41: =INDEX(#REF!,MATCH(Validade!C41,#REF!,0)) -> #REF! | F41: ACO INOX M340 D2.78MM | G41: 11207937 | J41: 5430 | K41: ACOS BOHLER-UDDEHOLM DO BRASIL LTDA | L41: =INDEX(Dispodaten2!B:B,MATCH(C41,Dispodaten2!A:A,0)) -> PD
A42: 4400 | B42: 0002 | C42: 202.132 | D42: =INDEX(#REF!,MATCH(Validade!C42,#REF!,0)) -> #REF! | E42: =INDEX(#REF!,MATCH(Validade!C42,#REF!,0)) -> #REF! | F42: ACO INOX M340 D6.30MM | G42: 3036895 | H42: 62458 | J42: 47745.6 | K42: ACOS BOHLER-UDDEHOLM DO BRASIL LTDA | L42: =INDEX(Dispodaten2!B:B,MATCH(C42,Dispodaten2!A:A,0)) -> PD
A43: 4400 | B43: 0001 | C43: 204.099 | D43: =INDEX(#REF!,MATCH(Validade!C43,#REF!,0)) -> #REF! | E43: =INDEX(#REF!,MATCH(Validade!C43,#REF!,0)) -> #REF! | F43: STYROLUX 684D TERMO-INJ.PS-POLIESTIRENO | G43: ND424078A | H43: 54509 | I43: 45378 | J43: 1850 | K43: ACTIVAS PLASTICOS INDUSTRIAIS LTDA | L43: =INDEX(Dispodaten2!B:B,MATCH(C43,Dispodaten2!A:A,0)) -> PD
A44: 4401 | B44: 0002 | C44: 704672 | D44: =INDEX(#REF!,MATCH(Validade!C44,#REF!,0)) -> #REF! | E44: =INDEX(#REF!,MATCH(Validade!C44,#REF!,0)) -> #REF! | F44: SL CASE | G44: MFH95 | H44: 62458 | I44: 44726 | J44: 131 | K44: ADITEK DO BRASIL LTDA | L44: =INDEX(Dispodaten2!B:B,MATCH(C44,Dispodaten2!A:A,0)) -> V1
A45: 4401 | B45: 0002 | C45: 01.05.0001.9 | D45: =INDEX(#REF!,MATCH(Validade!C45,#REF!,0)) -> #REF! | E45: =INDEX(#REF!,MATCH(Validade!C45,#REF!,0)) -> #REF! | F45: SOLT CLEARTEK ACES.P/REMOC.ALINHADOR C/3 | G45: KPV92 | H45: 48243 | I45: 44642 | J45: 1889 | K45: ADITEK DO BRASIL LTDA | L45: =INDEX(Dispodaten2!B:B,MATCH(C45,Dispodaten2!A:A,0)) -> V1
A46: 4400 | B46: 0002 | C46: 212.256 | D46: =INDEX(#REF!,MATCH(Validade!C46,#REF!,0)) -> #REF! | E46: =INDEX(#REF!,MATCH(Validade!C46,#REF!,0)) -> #REF! | F46: INJETADO SUPORTE PINCA E CATRACA | G46: 04/50 | H46: 45923 | J46: 500 | K46: ALMEIDA E WERNECK LTDA | L46: =INDEX(Dispodaten2!B:B,MATCH(C46,Dispodaten2!A:A,0)) -> PD
A47: 4400 | B47: 0002 | C47: 704348 | D47: =INDEX(#REF!,MATCH(Validade!C47,#REF!,0)) -> #REF! | E47: =INDEX(#REF!,MATCH(Validade!C47,#REF!,0)) -> #REF! | F47: PUXADOR PARA KIT CIRURGICO | G47: 03/48 | H47: 45814 | I47: 45083 | J47: 830 | K47: ALMEIDA E WERNECK LTDA | L47: =INDEX(Dispodaten2!B:B,MATCH(C47,Dispodaten2!A:A,0)) -> PD
A48: 4400 | B48: 0002 | C48: 705641 | D48: =INDEX(#REF!,MATCH(Validade!C48,#REF!,0)) -> #REF! | E48: =INDEX(#REF!,MATCH(Validade!C48,#REF!,0)) -> #REF! | F48: SILICONE 7X19X42 MM | G48: 09/49 | H48: 45749 | J48: 1200 | K48: ALMEIDA E WERNECK LTDA | L48: =INDEX(Dispodaten2!B:B,MATCH(C48,Dispodaten2!A:A,0)) -> PD
A49: 4400 | B49: 0002 | C49: 705642 | D49: =INDEX(#REF!,MATCH(Validade!C49,#REF!,0)) -> #REF! | E49: =INDEX(#REF!,MATCH(Validade!C49,#REF!,0)) -> #REF! | F49: SILICONE 7X19X61 MM | G49: 04/50 | H49: 45923 | J49: 800 | K49: ALMEIDA E WERNECK LTDA | L49: =INDEX(Dispodaten2!B:B,MATCH(C49,Dispodaten2!A:A,0)) -> PD
A50: 4400 | B50: 0002 | C50: 705636 | D50: =INDEX(#REF!,MATCH(Validade!C50,#REF!,0)) -> #REF! | E50: =INDEX(#REF!,MATCH(Validade!C50,#REF!,0)) -> #REF! | F50: SILICONE 7X20X22 MM | G50: 04/50 | H50: 45923 | J50: 500 | K50: ALMEIDA E WERNECK LTDA | L50: =INDEX(Dispodaten2!B:B,MATCH(C50,Dispodaten2!A:A,0)) -> PD
A51: 4400 | B51: 0002 | C51: 705640 | D51: =INDEX(#REF!,MATCH(Validade!C51,#REF!,0)) -> #REF! | E51: =INDEX(#REF!,MATCH(Validade!C51,#REF!,0)) -> #REF! | F51: SILICONE 7X20X28,5 MM | G51: 05/47 | H51: 45703 | J51: 51 | K51: ALMEIDA E WERNECK LTDA | L51: =INDEX(Dispodaten2!B:B,MATCH(C51,Dispodaten2!A:A,0)) -> PD
A52: 4400 | B52: 0002 | C52: 705639 | D52: =INDEX(#REF!,MATCH(Validade!C52,#REF!,0)) -> #REF! | E52: =INDEX(#REF!,MATCH(Validade!C52,#REF!,0)) -> #REF! | F52: SILICONE 7X20X32 MM | G52: 04/50 | H52: 45923 | J52: 500 | K52: ALMEIDA E WERNECK LTDA | L52: =INDEX(Dispodaten2!B:B,MATCH(C52,Dispodaten2!A:A,0)) -> PD
A53: 4400 | B53: 0002 | C53: 705637 | D53: =INDEX(#REF!,MATCH(Validade!C53,#REF!,0)) -> #REF! | E53: =INDEX(#REF!,MATCH(Validade!C53,#REF!,0)) -> #REF! | F53: SILICONE 7X20X50 MM | G53: 04/50 | H53: 45923 | J53: 200 | K53: ALMEIDA E WERNECK LTDA | L53: =INDEX(Dispodaten2!B:B,MATCH(C53,Dispodaten2!A:A,0)) -> PD
A54: 4400 | B54: 0002 | C54: 705638 | D54: =INDEX(#REF!,MATCH(Validade!C54,#REF!,0)) -> #REF! | E54: =INDEX(#REF!,MATCH(Validade!C54,#REF!,0)) -> #REF! | F54: SILICONE 7X20X54,5 MM | G54: 04/50 | H54: 45923 | J54: 199 | K54: ALMEIDA E WERNECK LTDA | L54: =INDEX(Dispodaten2!B:B,MATCH(C54,Dispodaten2!A:A,0)) -> PD
A55: 4400 | B55: 0002 | C55: 212.260 | D55: =INDEX(#REF!,MATCH(Validade!C55,#REF!,0)) -> #REF! | E55: =INDEX(#REF!,MATCH(Validade!C55,#REF!,0)) -> #REF! | F55: SUP.CATRA/MART.KIT FACILITY SILIC.INJ. | G55: 04/50 | H55: 45923 | J55: 100 | K55: ALMEIDA E WERNECK LTDA | L55: =INDEX(Dispodaten2!B:B,MATCH(C55,Dispodaten2!A:A,0)) -> PD
A56: 4400 | B56: 0002 | C56: 212.179 | D56: =INDEX(#REF!,MATCH(Validade!C56,#REF!,0)) -> #REF! | E56: =INDEX(#REF!,MATCH(Validade!C56,#REF!,0)) -> #REF! | F56: SUP.CATRACA/SONDA KIT CIRUR.SILICON.INJ. | G56: 01/50 | H56: 45785 | I56: 45420 | J56: 10100 | K56: ALMEIDA E WERNECK LTDA | L56: =INDEX(Dispodaten2!B:B,MATCH(C56,Dispodaten2!A:A,0)) -> PD
A57: 4400 | B57: 0002 | C57: 212.175 | D57: =INDEX(#REF!,MATCH(Validade!C57,#REF!,0)) -> #REF! | E57: =INDEX(#REF!,MATCH(Validade!C57,#REF!,0)) -> #REF! | F57: SUP.CHAVE CATRA.BAND.KIT PROT.SILIC.INJ. | G57: 04/50 | H57: 45923 | J57: 4100 | K57: ALMEIDA E WERNECK LTDA | L57: =INDEX(Dispodaten2!B:B,MATCH(C57,Dispodaten2!A:A,0)) -> PD
A58: 4400 | B58: 0002 | C58: 212.302 | D58: =INDEX(#REF!,MATCH(Validade!C58,#REF!,0)) -> #REF! | E58: =INDEX(#REF!,MATCH(Validade!C58,#REF!,0)) -> #REF! | F58: SUP.GUIA BROCA KIT IMPL.CON.SILIC.INJ. | G58: 01/50 | H58: 45785 | I58: 45420 | J58: 1000 | K58: ALMEIDA E WERNECK LTDA | L58: =INDEX(Dispodaten2!B:B,MATCH(C58,Dispodaten2!A:A,0)) -> PD
A59: 4400 | B59: 0002 | C59: 212.301 | D59: =INDEX(#REF!,MATCH(Validade!C59,#REF!,0)) -> #REF! | E59: =INDEX(#REF!,MATCH(Validade!C59,#REF!,0)) -> #REF! | F59: SUP.GUIA BROCA KIT NEOG.FACILITY.INJ. | G59: 05/47 | H59: 45703 | J59: 300 | K59: ALMEIDA E WERNECK LTDA | L59: =INDEX(Dispodaten2!B:B,MATCH(C59,Dispodaten2!A:A,0)) -> PD
A60: 4400 | B60: 0002 | C60: 212.180 | D60: =INDEX(#REF!,MATCH(Validade!C60,#REF!,0)) -> #REF! | E60: =INDEX(#REF!,MATCH(Validade!C60,#REF!,0)) -> #REF! | F60: SUP.P/PINCA KIT CIRURG.SILICONE INJ. | G60: 05/47 | H60: 45703 | J60: 200 | K60: ALMEIDA E WERNECK LTDA | L60: =INDEX(Dispodaten2!B:B,MATCH(C60,Dispodaten2!A:A,0)) -> PD
A61: 4400 | B61: 0002 | C61: 212.353 | D61: =INDEX(#REF!,MATCH(Validade!C61,#REF!,0)) -> #REF! | E61: =INDEX(#REF!,MATCH(Validade!C61,#REF!,0)) -> #REF! | F61: SUPORTE 2 GUIAS BROCA SILICONE INJETADO | G61: 04/50 | H61: 45923 | J61: 2400 | K61: ALMEIDA E WERNECK LTDA | L61: =INDEX(Dispodaten2!B:B,MATCH(C61,Dispodaten2!A:A,0)) -> PD
A62: 4400 | B62: 0002 | C62: 212.350 | D62: =INDEX(#REF!,MATCH(Validade!C62,#REF!,0)) -> #REF! | E62: =INDEX(#REF!,MATCH(Validade!C62,#REF!,0)) -> #REF! | F62: SUPORTE 5 BROCAS ZIGOM SILICONE INJETADO | G62: 04/50 | H62: 45923 | J62: 300 | K62: ALMEIDA E WERNECK LTDA | L62: =INDEX(Dispodaten2!B:B,MATCH(C62,Dispodaten2!A:A,0)) -> PD
A63: 4400 | B63: 0002 | C63: 212.280 | D63: =INDEX(#REF!,MATCH(Validade!C63,#REF!,0)) -> #REF! | E63: =INDEX(#REF!,MATCH(Validade!C63,#REF!,0)) -> #REF! | F63: SUPORTE MARTELETE FACILITY SILICONE INJ. | G63: 08/47 | H63: 45743 | J63: 199 | K63: ALMEIDA E WERNECK LTDA | L63: =INDEX(Dispodaten2!B:B,MATCH(C63,Dispodaten2!A:A,0)) -> PD
A64: 4400 | B64: 0002 | C64: 212.352 | D64: =INDEX(#REF!,MATCH(Validade!C64,#REF!,0)) -> #REF! | E64: =INDEX(#REF!,MATCH(Validade!C64,#REF!,0)) -> #REF! | F64: SUPORTE PARA 3 BROCAS SILICONE INJETADO | G64: 01/49 | H64: 45957 | I64: 45226 | J64: 334 | K64: ALMEIDA E WERNECK LTDA | L64: =INDEX(Dispodaten2!B:B,MATCH(C64,Dispodaten2!A:A,0)) -> PD | M64: Validade de 1ano(Verificar dúvida)
A65: 4400 | B65: 0002 | C65: 212.349 | D65: =INDEX(#REF!,MATCH(Validade!C65,#REF!,0)) -> #REF! | E65: =INDEX(#REF!,MATCH(Validade!C65,#REF!,0)) -> #REF! | F65: SUPORTE SONDA ZIGOM SILICONE INJETADO | G65: 08/47 | H65: 45743 | J65: 300 | K65: ALMEIDA E WERNECK LTDA | L65: =INDEX(Dispodaten2!B:B,MATCH(C65,Dispodaten2!A:A,0)) -> PD
A66: 4400 | B66: 0002 | C66: 702928 | D66: =INDEX(#REF!,MATCH(Validade!C66,#REF!,0)) -> #REF! | E66: =INDEX(#REF!,MATCH(Validade!C66,#REF!,0)) -> #REF! | F66: CD EMB. PLÁSTICA 80MM | G66: NEP13 | J66: 492422 | K66: APACHE EMBALAGENS PLASTICAS LTDA | L66: =INDEX(Dispodaten2!B:B,MATCH(C66,Dispodaten2!A:A,0)) -> PD
A67: 4400 | B67: 0001 | C67: 301.084 | D67: =INDEX(#REF!,MATCH(Validade!C67,#REF!,0)) -> #REF! | E67: =INDEX(#REF!,MATCH(Validade!C67,#REF!,0)) -> #REF! | F67: EMBALAGEM PRIMARIA PLASTICA 80MM NEODENT | G67: 14831 | H67: 62458 | J67: 1497 | K67: APACHE EMBALAGENS PLASTICAS LTDA | L67: =INDEX(Dispodaten2!B:B,MATCH(C67,Dispodaten2!A:A,0)) -> PD
A68: 4400 | B68: 0001 | C68: 204.214 | D68: =INDEX(#REF!,MATCH(Validade!C68,#REF!,0)) -> #REF! | E68: =INDEX(#REF!,MATCH(Validade!C68,#REF!,0)) -> #REF! | F68: LT1220P01 PC-POLICARBONATO TERMO-INJ. | G68: 64053058 | H68: 62458 | J68: 200 | K68: APTA INDUSTRIA E COMERCIO DE | L68: =INDEX(Dispodaten2!B:B,MATCH(C68,Dispodaten2!A:A,0)) -> V1
A69: 4400 | B69: 0002 | C69: 318234 | D69: =INDEX(#REF!,MATCH(Validade!C69,#REF!,0)) -> #REF! | E69: =INDEX(#REF!,MATCH(Validade!C69,#REF!,0)) -> #REF! | F69: CORPO MACRO ANEL METALICO IF SP | G69: 6526 | J69: 2000 | K69: ARTEMOLAS INDUSTRIAL DE MOLAS LTDA | L69: =INDEX(Dispodaten2!B:B,MATCH(C69,Dispodaten2!A:A,0)) -> PD
A70: 4401 | B70: 0002 | C70: 704313 | D70: =INDEX(#REF!,MATCH(Validade!C70,#REF!,0)) -> #REF! | E70: =INDEX(#REF!,MATCH(Validade!C70,#REF!,0)) -> #REF! | F70: PIGMENTO POLASTA S BRANCO 040 | G70: 122700 | H70: 45971 | I70: 45251 | J70: 63 | K70: ASTA QUIMICA LTDA | L70: =INDEX(Dispodaten2!B:B,MATCH(C70,Dispodaten2!A:A,0)) -> PD
A71: 4401 | B71: 0002 | C71: 704314 | D71: =INDEX(#REF!,MATCH(Validade!C71,#REF!,0)) -> #REF! | E71: =INDEX(#REF!,MATCH(Validade!C71,#REF!,0)) -> #REF! | F71: PIGMENTO POLASTA S MARROM 004 | G71: 123220 | H71: 46022 | I71: 45302 | J71: 12 | K71: ASTA QUIMICA LTDA | L71: =INDEX(Dispodaten2!B:B,MATCH(C71,Dispodaten2!A:A,0)) -> PD
A72: 4400 | B72: 0001 | C72: 201.025 | D72: =INDEX(#REF!,MATCH(Validade!C72,#REF!,0)) -> #REF! | E72: =INDEX(#REF!,MATCH(Validade!C72,#REF!,0)) -> #REF! | F72: TITANIO GRAU 1 0.3X304.8MM ASTM F67 | G72: 790578 | J72: 792975 | K72: ATI FLAT ROLLED PRODUCTS HOLDINGS L | L72: =INDEX(Dispodaten2!B:B,MATCH(C72,Dispodaten2!A:A,0)) -> PD
A73: 4400 | B73: 0002 | C73: 707868 | D73: =INDEX(#REF!,MATCH(Validade!C73,#REF!,0)) -> #REF! | E73: =INDEX(#REF!,MATCH(Validade!C73,#REF!,0)) -> #REF! | F73: SUPORTE REMOVEDOR DE MONTADOR | G73: 174577/1-2 | J73: 200 | K73: ATUALVED SOLUCOES INDUSTRIAIS LTDA | L73: =INDEX(Dispodaten2!B:B,MATCH(C73,Dispodaten2!A:A,0)) -> PD
A74: 4400 | B74: 0002 | C74: 707791 | D74: =INDEX(#REF!,MATCH(Validade!C74,#REF!,0)) -> #REF! | E74: =INDEX(#REF!,MATCH(Validade!C74,#REF!,0)) -> #REF! | F74: SUPORTE SILICONE INJ. KIT NEOCONVERT | G74: 174577/1-2 | J74: 80 | K74: ATUALVED SOLUCOES INDUSTRIAIS LTDA | L74: =INDEX(Dispodaten2!B:B,MATCH(C74,Dispodaten2!A:A,0)) -> PD
A75: 4401 | B75: 0002 | C75: 704695 | D75: =INDEX(#REF!,MATCH(Validade!C75,#REF!,0)) -> #REF! | E75: =INDEX(#REF!,MATCH(Validade!C75,#REF!,0)) -> #REF! | F75: ETIQUETA RFID 43X64MM | G75: 1265964 | H75: 45770 | I75: 45398 | J75: 2000 | K75: AUTO ADESIVOS PARANA S.A | L75: =INDEX(Dispodaten2!B:B,MATCH(C75,Dispodaten2!A:A,0)) -> V1
A76: 4401 | B76: 0002 | C76: 707313 | D76: =INDEX(#REF!,MATCH(Validade!C76,#REF!,0)) -> #REF! | E76: =INDEX(#REF!,MATCH(Validade!C76,#REF!,0)) -> #REF! | F76: ZENDURA 35(0.89X125MM)ROUND REF9251 | G76: 2309-255 | H76: 47011 | I76: 45184 | J76: 2600 | K76: BAY MATERIALS LLC | L76: =INDEX(Dispodaten2!B:B,MATCH(C76,Dispodaten2!A:A,0)) -> PD
A77: 4401 | B77: 0002 | C77: 707806 | D77: =INDEX(#REF!,MATCH(Validade!C77,#REF!,0)) -> #REF! | E77: =INDEX(#REF!,MATCH(Validade!C77,#REF!,0)) -> #REF! | F77: ZENDURA FLX BOBINA 250FT - 9.8" | G77: 010057 | H77: 47248 | I77: 45422 | J77: 4953000 | K77: BAY MATERIALS LLC | L77: =INDEX(Dispodaten2!B:B,MATCH(C77,Dispodaten2!A:A,0)) -> PD
A78: 4401 | B78: 0002 | C78: 707856 | D78: =INDEX(#REF!,MATCH(Validade!C78,#REF!,0)) -> #REF! | E78: =INDEX(#REF!,MATCH(Validade!C78,#REF!,0)) -> #REF! | F78: ZENDURA TRAK 0.38X125MM DIS | G78: 2401-006 | H78: 47126 | I78: 45299 | J78: 480 | K78: BAY MATERIALS LLC | L78: =INDEX(Dispodaten2!B:B,MATCH(C78,Dispodaten2!A:A,0)) -> PD
A79: 4400 | B79: 0002 | C79: 215.008 | D79: =INDEX(#REF!,MATCH(Validade!C79,#REF!,0)) -> #REF! | E79: =INDEX(#REF!,MATCH(Validade!C79,#REF!,0)) -> #REF! | F79: ENDURECEDOR PARA TINTAS 700.954.080 | G79: 24102649 | H79: 45777 | I79: 45838 | J79: 1330 | K79: BERLAC AG | L79: =INDEX(Dispodaten2!B:B,MATCH(C79,Dispodaten2!A:A,0)) -> V1
A80: 4400 | B80: 0002 | C80: 702996 | D80: =INDEX(#REF!,MATCH(Validade!C80,#REF!,0)) -> #REF! | E80: =INDEX(#REF!,MATCH(Validade!C80,#REF!,0)) -> #REF! | F80: TINTA BERLAPRINT AMARELA PANTONE 136C | G80: 24401709 | H80: 45777 | J80: 2 | K80: BERLAC AG | L80: =INDEX(Dispodaten2!B:B,MATCH(C80,Dispodaten2!A:A,0)) -> V1
A81: 4400 | B81: 0002 | C81: 703091 | D81: =INDEX(#REF!,MATCH(Validade!C81,#REF!,0)) -> #REF! | E81: =INDEX(#REF!,MATCH(Validade!C81,#REF!,0)) -> #REF! | F81: TINTA BERLAPRINT AZUL CLARO PANTONE 291C | G81: 24401397 | H81: 45777 | I81: 45777 | J81: 2 | K81: BERLAC AG | L81: =INDEX(Dispodaten2!B:B,MATCH(C81,Dispodaten2!A:A,0)) -> V1
A82: 4400 | B82: 0002 | C82: 215.011 | D82: =INDEX(#REF!,MATCH(Validade!C82,#REF!,0)) -> #REF! | E82: =INDEX(#REF!,MATCH(Validade!C82,#REF!,0)) -> #REF! | F82: TINTA BERLAPRINT AZUL RAL 5015 | G82: 24401880 | H82: 45838 | I82: 45838 | J82: 400 | K82: BERLAC AG | L82: =INDEX(Dispodaten2!B:B,MATCH(C82,Dispodaten2!A:A,0)) -> V1
A83: 4400 | B83: 0002 | C83: 702999 | D83: =INDEX(#REF!,MATCH(Validade!C83,#REF!,0)) -> #REF! | E83: =INDEX(#REF!,MATCH(Validade!C83,#REF!,0)) -> #REF! | F83: TINTA BERLAPRINT CINZA PANTONE 426C | G83: 24401029 | H83: 45716 | J83: 2 | K83: BERLAC AG | L83: =INDEX(Dispodaten2!B:B,MATCH(C83,Dispodaten2!A:A,0)) -> V1
A84: 4400 | B84: 0002 | C84: 702997 | D84: =INDEX(#REF!,MATCH(Validade!C84,#REF!,0)) -> #REF! | E84: =INDEX(#REF!,MATCH(Validade!C84,#REF!,0)) -> #REF! | F84: TINTA BERLAPRINT CORAL PANTONE 7416C | G84: 24401114 | H84: 45716 | J84: 1 | K84: BERLAC AG | L84: =INDEX(Dispodaten2!B:B,MATCH(C84,Dispodaten2!A:A,0)) -> V1
A85: 4400 | B85: 0002 | C85: 215.009 | D85: =INDEX(#REF!,MATCH(Validade!C85,#REF!,0)) -> #REF! | E85: =INDEX(#REF!,MATCH(Validade!C85,#REF!,0)) -> #REF! | F85: TINTA BERLAPRINT LILAS PANTONE 520C | G85: 24401395 | H85: 45777 | I85: 45777 | J85: 100 | K85: BERLAC AG | L85: =INDEX(Dispodaten2!B:B,MATCH(C85,Dispodaten2!A:A,0)) -> PD
A86: 4400 | B86: 0002 | C86: 215.012 | D86: =INDEX(#REF!,MATCH(Validade!C86,#REF!,0)) -> #REF! | E86: =INDEX(#REF!,MATCH(Validade!C86,#REF!,0)) -> #REF! | F86: TINTA BERLAPRINT MARROM PANTONE 153C | G86: 24401394 | H86: 45777 | I86: 45777 | J86: 200 | K86: BERLAC AG | L86: =INDEX(Dispodaten2!B:B,MATCH(C86,Dispodaten2!A:A,0)) -> PD
A87: 4400 | B87: 0002 | C87: 703092 | D87: =INDEX(#REF!,MATCH(Validade!C87,#REF!,0)) -> #REF! | E87: =INDEX(#REF!,MATCH(Validade!C87,#REF!,0)) -> #REF! | F87: TINTA BERLAPRINT ROSA PANTONE 223C | G87: 24401872 | H87: 45838 | I87: 45838 | J87: 2 | K87: BERLAC AG | L87: =INDEX(Dispodaten2!B:B,MATCH(C87,Dispodaten2!A:A,0)) -> V1
A88: 4400 | B88: 0002 | C88: 702998 | D88: =INDEX(#REF!,MATCH(Validade!C88,#REF!,0)) -> #REF! | E88: =INDEX(#REF!,MATCH(Validade!C88,#REF!,0)) -> #REF! | F88: TINTA BERLAPRINT VERDE PANTONE 7473C | G88: 24401875 | H88: 45838 | I88: 45838 | J88: 3 | K88: BERLAC AG | L88: =INDEX(Dispodaten2!B:B,MATCH(C88,Dispodaten2!A:A,0)) -> V1
A89: 4400 | B89: 0002 | C89: 215.010 | D89: =INDEX(#REF!,MATCH(Validade!C89,#REF!,0)) -> #REF! | E89: =INDEX(#REF!,MATCH(Validade!C89,#REF!,0)) -> #REF! | F89: TINTA BERLAPRINT VERDE RAL 6018 | G89: 24401707 | H89: 45777 | J89: 300 | K89: BERLAC AG | L89: =INDEX(Dispodaten2!B:B,MATCH(C89,Dispodaten2!A:A,0)) -> V1
A90: 4401 | B90: 0002 | C90: 204.267 | D90: =INDEX(#REF!,MATCH(Validade!C90,#REF!,0)) -> #REF! | E90: =INDEX(#REF!,MATCH(Validade!C90,#REF!,0)) -> #REF! | F90: POLIURETANO PU D125X0.76MM DISCO | G90: 20-03885 | H90: 62458 | I90: 43895 | J90: 500 | K90: BIXBY INTERNATIONAL | L90: =INDEX(Dispodaten2!B:B,MATCH(C90,Dispodaten2!A:A,0)) -> PD
A91: 4400 | B91: 0002 | C91: 504.032 | D91: =INDEX(#REF!,MATCH(Validade!C91,#REF!,0)) -> #REF! | E91: =INDEX(#REF!,MATCH(Validade!C91,#REF!,0)) -> #REF! | F91: MASCARA CIRURGICA DESCARTAVEL | G91: 2156697-4 | H91: 47394 | J91: 11800 | K91: BRAZMIX COMERCIO VAREJISTA E ATACAD | L91: =INDEX(Dispodaten2!B:B,MATCH(C91,Dispodaten2!A:A,0)) -> V1
A92: 4400 | B92: 0001 | C92: 212.206 | D92: =INDEX(#REF!,MATCH(Validade!C92,#REF!,0)) -> #REF! | E92: =INDEX(#REF!,MATCH(Validade!C92,#REF!,0)) -> #REF! | F92: SORO FISIOLOGICO IMPLANTES | G92: 0000191681 | H92: 46176 | I92: 45446 | J92: 1455 | K92: BRAZMIX COMERCIO VAREJISTA E ATACAD | L92: =INDEX(Dispodaten2!B:B,MATCH(C92,Dispodaten2!A:A,0)) -> V1
A93: 4400 | B93: 0002 | C93: 504.044 | D93: =INDEX(#REF!,MATCH(Validade!C93,#REF!,0)) -> #REF! | E93: =INDEX(#REF!,MATCH(Validade!C93,#REF!,0)) -> #REF! | F93: TOUCA DESCARTÁVEL | G93: 407-24 | H93: 46233 | J93: 1200 | K93: BRAZMIX COMERCIO VAREJISTA E ATACAD | L93: =INDEX(Dispodaten2!B:B,MATCH(C93,Dispodaten2!A:A,0)) -> V1
A94: 4401 | B94: 0002 | C94: 704183 | D94: =INDEX(#REF!,MATCH(Validade!C94,#REF!,0)) -> #REF! | E94: =INDEX(#REF!,MATCH(Validade!C94,#REF!,0)) -> #REF! | F94: EMB TRANSP COSMOS RESINS G | G94: 163301 | H94: 62458 | I94: 44880 | J94: 150 | K94: CARTOSUL FABRICAÇÃO DE ARTEFATOS | L94: =INDEX(Dispodaten2!B:B,MATCH(C94,Dispodaten2!A:A,0)) -> PD
A95: 4401 | B95: 0002 | C95: 707541 | D95: =INDEX(#REF!,MATCH(Validade!C95,#REF!,0)) -> #REF! | E95: =INDEX(#REF!,MATCH(Validade!C95,#REF!,0)) -> #REF! | F95: EMBALAGEM DE TRANSPORTE CC 178X133X130MM | G95: 167952 | H95: 62458 | I95: 45057 | J95: 650 | K95: CARTOSUL FABRICAÇÃO DE ARTEFATOS | L95: =INDEX(Dispodaten2!B:B,MATCH(C95,Dispodaten2!A:A,0)) -> V1
A96: 4401 | B96: 0002 | C96: 703265 | D96: =INDEX(#REF!,MATCH(Validade!C96,#REF!,0)) -> #REF! | E96: =INDEX(#REF!,MATCH(Validade!C96,#REF!,0)) -> #REF! | F96: EMBALAGEM DE TRANSPORTE CC 233X172X105MM | G96: 185.778 | H96: 62458 | I96: 45593 | J96: 2100 | K96: CARTOSUL FABRICAÇÃO DE ARTEFATOS | L96: =INDEX(Dispodaten2!B:B,MATCH(C96,Dispodaten2!A:A,0)) -> V1
A97: 4401 | B97: 0002 | C97: 704494 | D97: =INDEX(#REF!,MATCH(Validade!C97,#REF!,0)) -> #REF! | E97: =INDEX(#REF!,MATCH(Validade!C97,#REF!,0)) -> #REF! | F97: EMBALAGEM TRANSPORTE CC 600X500X100MM | G97: HXRN9 | H97: 62458 | J97: 525 | K97: CARTOSUL FABRICAÇÃO DE ARTEFATOS | L97: =INDEX(Dispodaten2!B:B,MATCH(C97,Dispodaten2!A:A,0)) -> V1
A98: 4401 | B98: 0002 | C98: 704404 | D98: =INDEX(#REF!,MATCH(Validade!C98,#REF!,0)) -> #REF! | E98: =INDEX(#REF!,MATCH(Validade!C98,#REF!,0)) -> #REF! | F98: RIBBON VIDEOJET PRETO UG 55MMX1200M | G98: 080202156 | H98: 62458 | I98: 44013 | J98: 16 | K98: CETEM CENTRO TECNICO DE EMBALAGENS | L98: =INDEX(Dispodaten2!B:B,MATCH(C98,Dispodaten2!A:A,0)) -> V1
A99: 4400 | B99: 0002 | C99: 204.165 | D99: =INDEX(#REF!,MATCH(Validade!C99,#REF!,0)) -> #REF! | E99: =INDEX(#REF!,MATCH(Validade!C99,#REF!,0)) -> #REF! | F99: PIGM.MASTERBATCH AMARELO TRANSP.PC | G99: 309416 | H99: 46125 | J99: 2 | K99: COLORFIX ITAMASTER INDUSTRIA DE | L99: =INDEX(Dispodaten2!B:B,MATCH(C99,Dispodaten2!A:A,0)) -> PD
A100: 4400 | B100: 0010 | C100: 204.163 | D100: =INDEX(#REF!,MATCH(Validade!C100,#REF!,0)) -> #REF! | E100: =INDEX(#REF!,MATCH(Validade!C100,#REF!,0)) -> #REF! | F100: PIGM.MASTERBATCH AZUL TRANSPARENTE PC | G100: 299088 | H100: 45886 | J100: 1.012 | K100: COLORFIX ITAMASTER INDUSTRIA DE | L100: =INDEX(Dispodaten2!B:B,MATCH(C100,Dispodaten2!A:A,0)) -> PD
...

Sheet Dispodaten2
A1: Material | B1: TpM
A2: 506.293 | B2: V1
A3: 102042100606 | B3: V1
A4: 312.147 | B4: V1
A5: 312.085 | B5: V1
A6: 305.046 | B6: V1
A7: 106000 | B7: V1
A8: 702919 | B8: V1
A9: 01.05.0001.9 | B9: V1
A10: 616.1170 | B10: V1
A11: 515782 | B11: V1
A12: 204.143 | B12: V1
... A15: 702907 | B15: V1
A16: 504.022 | B16: V1 | G16: Check
A17: 204.214 | B17: V1 | G17: ✔️
A18: 515.021 | B18: V1 | G18: ✖️
A19: 312.150 | B19: V1
A20: 312.146 | B20: V1
A21: 707368 | B21: V1
A22: 514739 | B22: V1
A23: 704670 | B23: V1
A24: 301.076 | B24: V1
A25: 120 | B25: V1
A26: 803.024 | B26: V1
A27: 805.039 | B27: V1
A28: 608.244 | B28: V1
A29: 616.1390 | B29: V1
A30: 801.235 | B30: V1
... A1217: 314165 | B1217: ND
